sales_id,customer_id,store_id,sales_date,employee_id
1,1,3,2023-07-14 00:17:00,33
2,2,2,2023-08-03 11:28:00,28
3,3,1,2023-05-11 00:50:00,2
4,4,3,2023-05-14 12:29:00,65
5,5,4,2023-10-15 10:40:00,83
6,6,5,2024-01-01 13:27:00,32
7,7,3,2023-04-22 15:27:00,81
8,8,4,2024-03-31 20:22:00,92
9,9,1,2024-02-15 08:37:00,36
10,10,3,2023-05-29 13:10:00,20
11,11,1,2023-09-05 08:14:00,67
12,12,3,2023-10-14 14:00:00,47
13,13,5,2024-01-08 00:05:00,27
14,14,1,2023-04-23 23:46:00,90
15,15,4,2023-04-19 11:37:00,29
16,16,5,2023-08-31 07:58:00,30
17,17,2,2023-11-27 02:28:00,28
18,18,1,2023-04-15 22:09:00,77
19,19,4,2023-06-09 14:37:00,35
20,20,1,2023-12-28 01:05:00,58
21,21,2,2023-10-22 12:53:00,61
22,22,4,2023-12-03 06:45:00,92
23,23,1,2023-06-15 18:15:00,9
24,24,5,2023-12-10 08:06:00,74
25,25,1,2024-04-09 18:48:00,38
26,26,4,2023-09-18 12:31:00,82
27,27,3,2024-03-02 16:34:00,72
28,28,4,2024-02-14 07:45:00,3
29,29,1,2023-06-05 16:46:00,69
30,30,1,2024-04-06 08:00:00,43
31,31,3,2023-07-30 19:04:00,65
32,32,3,2023-08-01 06:56:00,20
33,33,5,2024-02-01 13:45:00,50
34,34,4,2023-12-23 17:27:00,83
35,35,2,2023-09-19 12:44:00,31
36,36,5,2024-03-16 12:10:00,100
37,37,3,2024-01-04 21:35:00,62
38,38,1,2023-10-23 13:56:00,90
39,39,4,2023-09-28 19:01:00,41
40,40,5,2023-05-04 00:12:00,32
41,41,1,2023-08-22 00:47:00,58
42,42,4,2024-01-16 19:01:00,21
43,43,2,2023-07-18 17:37:00,61
44,44,4,2023-05-06 07:17:00,92
45,45,5,2023-05-21 04:26:00,96
46,46,2,2023-08-02 14:48:00,23
47,47,1,2024-01-23 19:32:00,67
48,48,3,2024-01-11 08:50:00,72
49,49,4,2024-02-08 02:57:00,92
50,50,5,2023-11-12 09:12:00,100
51,51,4,2023-05-20 10:37:00,59
52,52,3,2023-04-22 18:57:00,37
53,53,5,2023-06-20 09:29:00,19
54,54,1,2023-12-24 15:07:00,90
55,55,3,2023-08-30 17:20:00,40
56,56,4,2023-11-02 18:39:00,84
57,57,1,2024-02-04 09:13:00,90
58,58,4,2023-05-21 05:27:00,87
59,59,1,2024-03-04 22:01:00,58
60,60,5,2023-11-01 06:44:00,32
61,61,2,2023-10-04 16:36:00,54
62,62,5,2023-11-06 19:51:00,86
63,63,1,2024-02-25 12:00:00,43
64,64,2,2023-06-07 01:11:00,34
65,65,2,2024-02-19 08:40:00,7
66,66,4,2024-03-22 20:17:00,83
67,67,5,2023-05-14 17:00:00,16
68,68,5,2023-10-04 23:30:00,97
69,69,1,2023-06-01 17:16:00,2
70,70,4,2023-10-27 16:25:00,92
71,71,4,2023-12-23 19:12:00,87
72,72,4,2023-06-05 21:24:00,87
73,73,3,2023-05-06 10:24:00,72
74,74,5,2023-08-17 09:59:00,97
75,75,2,2024-03-29 15:03:00,7
76,76,2,2023-07-10 23:42:00,85
77,77,1,2024-04-07 14:10:00,77
78,78,3,2023-10-08 14:01:00,75
79,79,4,2024-02-01 02:39:00,8
80,80,2,2023-11-17 03:17:00,7
81,81,5,2023-09-06 09:14:00,97
82,82,1,2024-01-06 01:06:00,14
83,83,3,2023-06-02 09:14:00,65
84,84,4,2023-08-29 20:42:00,41
85,85,4,2023-08-19 00:03:00,3
86,86,5,2023-05-27 09:39:00,74
87,87,5,2024-01-02 09:51:00,32
88,88,2,2023-08-06 20:35:00,93
89,89,5,2024-04-09 03:52:00,32
90,90,2,2024-04-10 06:47:00,54
91,91,1,2023-11-27 23:54:00,43
92,92,4,2023-10-25 22:32:00,98
93,93,5,2023-05-18 09:22:00,27
94,94,5,2023-10-01 13:08:00,27
95,95,5,2024-04-07 19:50:00,86
96,96,3,2024-03-11 20:59:00,20
97,97,2,2023-06-11 02:05:00,61
98,98,4,2023-06-06 01:26:00,41
99,99,5,2023-10-21 23:50:00,68
100,100,2,2024-01-13 08:42:00,28
101,101,3,2023-11-28 13:08:00,1
102,102,2,2023-07-18 06:45:00,93
103,103,5,2023-12-17 03:15:00,52
104,104,3,2024-01-21 17:47:00,88
105,105,5,2023-07-19 23:47:00,95
106,106,2,2023-09-25 19:50:00,31
107,107,3,2024-03-07 15:04:00,47
108,108,4,2023-12-25 14:11:00,18
109,109,5,2023-07-28 13:25:00,32
110,110,4,2023-09-20 00:05:00,10
111,111,2,2024-04-07 15:55:00,91
112,112,5,2023-06-14 02:37:00,26
113,113,3,2023-12-30 11:44:00,80
114,114,4,2023-11-14 11:55:00,98
115,115,4,2023-06-13 18:19:00,92
116,116,3,2023-04-29 14:30:00,66
117,117,4,2023-06-30 22:00:00,29
118,118,2,2024-03-18 03:45:00,79
119,119,5,2023-12-11 19:28:00,5
120,120,2,2023-05-03 01:55:00,54
121,121,4,2023-12-10 19:16:00,8
122,122,4,2023-12-02 23:39:00,3
123,123,3,2023-11-23 22:31:00,1
124,124,2,2023-09-05 10:28:00,31
125,125,4,2023-06-10 08:51:00,83
126,126,3,2023-10-16 09:04:00,72
127,127,3,2023-12-03 18:32:00,37
128,128,4,2023-09-24 09:27:00,21
129,129,4,2024-01-09 12:56:00,8
130,130,1,2024-03-16 22:38:00,43
131,131,1,2023-05-27 06:09:00,67
132,132,4,2023-05-21 15:27:00,59
133,133,1,2023-10-27 02:15:00,58
134,134,2,2023-11-15 14:25:00,61
135,135,5,2024-03-19 01:29:00,56
136,136,4,2023-09-29 07:28:00,76
137,137,2,2023-11-08 02:11:00,61
138,138,2,2024-03-06 00:02:00,48
139,139,3,2024-01-05 21:15:00,65
140,140,3,2024-01-26 17:10:00,81
141,141,3,2023-12-31 01:15:00,1
142,142,5,2024-03-04 07:08:00,11
143,143,4,2023-06-14 21:06:00,98
144,144,3,2023-06-20 06:02:00,62
145,145,4,2024-03-28 07:30:00,76
146,146,1,2023-12-05 06:04:00,2
147,147,1,2023-08-02 21:00:00,64
148,148,2,2023-08-11 23:12:00,31
149,149,2,2024-03-18 15:57:00,70
150,150,2,2024-01-19 03:24:00,93
151,151,4,2024-01-21 09:51:00,10
152,152,4,2023-11-10 13:52:00,3
153,153,5,2023-07-05 02:07:00,26
154,154,3,2023-10-13 14:07:00,33
155,155,1,2023-11-01 14:02:00,71
156,156,4,2023-10-07 07:51:00,8
157,157,1,2023-07-10 20:03:00,63
158,158,5,2023-11-06 22:27:00,6
159,159,5,2023-09-22 02:05:00,68
160,160,4,2023-09-26 16:33:00,87
161,161,1,2023-08-10 05:44:00,53
162,162,2,2024-02-07 02:34:00,54
163,163,1,2024-01-27 01:04:00,90
164,164,1,2023-06-07 17:57:00,36
165,165,3,2023-05-07 15:04:00,51
166,166,2,2024-03-06 16:53:00,7
167,167,1,2024-03-24 17:50:00,9
168,168,5,2024-01-30 20:08:00,16
169,169,5,2023-04-22 18:23:00,30
170,170,1,2023-04-20 18:21:00,36
171,171,4,2023-12-18 23:07:00,87
172,172,1,2024-04-09 02:21:00,58
173,173,1,2023-06-02 05:43:00,46
174,174,2,2023-07-13 20:18:00,91
175,175,5,2023-06-12 18:48:00,50
176,176,5,2023-09-12 01:04:00,96
177,177,4,2023-12-01 17:08:00,21
178,178,3,2023-06-26 09:08:00,40
179,179,2,2023-10-23 02:17:00,70
180,180,5,2023-08-30 23:29:00,56
181,181,3,2024-02-06 18:02:00,49
182,182,2,2023-12-27 23:10:00,93
183,183,4,2024-01-17 23:33:00,59
184,184,2,2023-08-15 12:52:00,25
185,185,4,2023-06-22 22:34:00,10
186,186,4,2024-03-17 17:05:00,10
187,187,5,2023-05-19 08:34:00,56
188,188,5,2024-02-28 18:37:00,26
189,189,2,2024-04-12 21:12:00,79
190,190,1,2024-04-12 06:03:00,9
191,191,2,2023-08-21 12:59:00,61
192,192,5,2023-06-18 10:57:00,19
193,193,2,2024-01-23 06:46:00,48
194,194,5,2023-07-30 14:20:00,95
195,195,2,2023-09-06 16:09:00,48
196,196,5,2023-10-16 11:06:00,96
197,197,4,2023-08-23 04:10:00,92
198,198,5,2023-08-26 07:50:00,100
199,199,1,2023-05-14 18:16:00,46
200,200,1,2024-01-05 17:10:00,43
201,201,3,2023-05-02 16:03:00,75
202,202,5,2024-04-07 18:49:00,6
203,203,2,2023-08-28 15:06:00,34
204,204,1,2023-05-13 11:20:00,43
205,205,4,2023-11-03 10:46:00,35
206,206,2,2024-03-29 17:51:00,70
207,207,4,2023-10-02 13:50:00,41
208,208,3,2023-12-14 05:23:00,73
209,209,1,2023-10-31 00:05:00,69
210,210,4,2023-08-10 18:26:00,10
211,211,5,2024-03-25 21:57:00,97
212,212,3,2023-07-31 16:19:00,72
213,213,5,2023-10-15 07:47:00,100
214,214,1,2023-09-04 13:50:00,15
215,215,5,2023-09-20 19:38:00,56
216,216,3,2024-02-02 22:55:00,33
217,217,3,2023-08-31 13:24:00,78
218,218,2,2024-04-12 05:21:00,91
219,219,1,2024-01-13 16:24:00,2
220,220,5,2023-05-05 05:35:00,94
221,221,5,2023-09-23 13:51:00,50
222,222,5,2023-10-12 08:08:00,52
223,223,5,2023-11-22 21:09:00,30
224,224,3,2023-07-02 23:05:00,42
225,225,2,2024-01-19 11:04:00,79
226,226,2,2023-05-16 19:25:00,79
227,227,4,2023-08-19 16:26:00,10
228,228,3,2023-10-19 01:07:00,33
229,229,4,2023-08-05 10:48:00,82
230,230,3,2024-01-21 07:02:00,88
231,231,3,2023-09-01 16:31:00,81
232,232,3,2023-10-17 22:21:00,72
233,233,2,2024-03-27 19:42:00,91
234,234,4,2023-06-07 05:04:00,92
235,235,1,2023-09-05 01:56:00,36
236,236,5,2024-03-10 18:27:00,100
237,237,5,2023-08-07 00:00:00,4
238,238,5,2024-03-21 07:47:00,50
239,239,4,2023-07-11 14:48:00,87
240,240,2,2023-06-11 05:13:00,85
241,241,3,2023-11-16 01:16:00,49
242,242,5,2023-11-28 06:57:00,86
243,243,1,2024-04-14 15:27:00,67
244,244,1,2024-04-13 14:22:00,58
245,245,1,2023-04-24 20:11:00,71
246,246,5,2023-10-04 20:40:00,11
247,247,5,2023-09-23 14:57:00,26
248,248,5,2023-08-20 03:58:00,32
249,249,4,2023-07-10 04:09:00,92
250,250,5,2023-07-28 21:18:00,94
251,251,3,2023-11-30 01:25:00,75
252,252,3,2024-03-20 12:12:00,42
253,253,5,2023-06-11 02:41:00,50
254,254,4,2024-04-03 05:33:00,98
255,255,5,2023-08-06 18:39:00,74
256,256,4,2023-05-20 18:21:00,87
257,257,1,2023-08-14 06:16:00,71
258,258,3,2023-04-21 11:51:00,62
259,259,3,2024-03-13 22:33:00,51
260,260,3,2023-04-28 02:04:00,49
261,261,5,2023-12-04 13:49:00,45
262,262,3,2023-11-02 12:26:00,73
263,263,1,2023-05-24 23:58:00,89
264,264,1,2023-06-30 08:14:00,36
265,265,1,2024-01-02 14:55:00,38
266,266,2,2023-12-24 23:14:00,48
267,267,5,2023-09-07 05:16:00,95
268,268,4,2024-04-13 03:46:00,35
269,269,5,2023-05-23 16:51:00,94
270,270,4,2023-12-23 20:22:00,84
271,271,3,2023-06-28 00:04:00,72
272,272,5,2023-09-24 14:44:00,27
273,273,4,2023-09-14 21:47:00,82
274,274,1,2023-06-22 09:21:00,64
275,275,1,2023-04-30 21:18:00,9
276,276,3,2023-08-08 13:35:00,13
277,277,2,2023-09-18 01:59:00,12
278,278,2,2024-02-22 12:35:00,79
279,279,3,2024-02-12 07:47:00,42
280,280,4,2023-06-17 08:18:00,98
281,281,2,2023-07-26 13:41:00,60
282,282,3,2023-07-16 00:47:00,33
283,283,3,2023-06-22 09:33:00,78
284,284,1,2023-11-25 19:02:00,90
285,285,5,2023-05-11 09:45:00,97
286,286,2,2023-07-09 11:34:00,91
287,287,3,2023-09-02 06:37:00,51
288,288,2,2024-02-27 14:11:00,34
289,289,1,2023-08-07 18:31:00,63
290,290,1,2023-07-25 10:17:00,2
291,291,1,2023-08-27 14:46:00,90
292,292,1,2024-01-11 19:56:00,38
293,293,2,2023-09-19 22:28:00,70
294,294,5,2023-05-30 17:52:00,26
295,295,2,2023-12-20 23:04:00,79
296,296,3,2024-03-09 15:00:00,47
297,297,3,2024-04-06 20:15:00,78
298,298,2,2024-02-22 19:14:00,93
299,299,4,2023-07-12 18:39:00,10
300,300,1,2024-03-05 19:02:00,36
301,301,5,2024-04-09 21:24:00,4
302,302,5,2023-05-09 05:44:00,52
303,303,3,2023-07-30 03:32:00,88
304,304,1,2023-05-27 21:26:00,43
305,305,4,2023-05-23 09:12:00,39
306,306,5,2023-12-28 08:10:00,44
307,307,2,2023-05-23 11:23:00,48
308,308,5,2024-01-03 17:58:00,44
309,309,3,2023-12-26 08:23:00,47
310,310,3,2024-04-03 00:57:00,65
311,311,4,2023-09-27 16:34:00,84
312,312,1,2024-03-18 14:07:00,58
313,313,2,2023-08-30 18:40:00,54
314,314,2,2024-02-04 14:34:00,25
315,315,3,2024-04-03 14:30:00,1
316,316,5,2023-08-12 19:55:00,97
317,317,3,2023-06-18 01:30:00,40
318,318,1,2023-06-30 19:30:00,53
319,319,4,2024-03-23 11:38:00,8
320,320,1,2023-08-29 01:20:00,63
321,321,2,2023-11-01 10:04:00,54
322,322,3,2023-06-21 12:11:00,47
323,323,4,2024-01-06 09:47:00,83
324,324,2,2024-03-23 07:43:00,12
325,325,1,2023-06-13 00:10:00,15
326,326,1,2024-03-05 22:10:00,14
327,327,3,2024-04-09 23:00:00,65
328,328,3,2024-01-24 10:59:00,13
329,329,2,2023-05-04 12:02:00,23
330,330,3,2023-07-06 10:58:00,75
331,331,4,2024-01-04 18:49:00,21
332,332,1,2024-01-21 01:45:00,46
333,333,5,2023-05-26 16:43:00,26
334,334,5,2023-09-19 01:15:00,16
335,335,1,2023-09-24 22:15:00,99
336,336,1,2024-02-28 12:22:00,43
337,337,1,2023-12-11 12:56:00,64
338,338,2,2024-03-11 20:01:00,7
339,339,3,2024-03-01 06:45:00,62
340,340,2,2023-06-12 22:58:00,60
341,341,5,2024-02-01 20:24:00,11
342,342,2,2023-12-16 00:52:00,79
343,343,1,2023-08-23 21:18:00,43
344,344,1,2023-05-25 21:42:00,64
345,345,4,2023-10-11 08:49:00,18
346,346,3,2023-08-19 07:26:00,1
347,347,5,2023-07-05 15:52:00,11
348,348,4,2023-09-07 20:06:00,59
349,349,1,2024-03-12 22:56:00,14
350,350,4,2023-07-12 13:44:00,59
351,351,3,2023-10-05 15:45:00,75
352,352,4,2023-10-09 07:00:00,87
353,353,3,2023-09-04 10:33:00,75
354,354,4,2023-12-02 05:10:00,87
355,355,2,2023-05-20 08:41:00,93
356,356,1,2023-08-25 12:46:00,53
357,357,2,2023-07-31 21:06:00,25
358,358,1,2023-08-28 07:40:00,77
359,359,2,2024-03-23 16:12:00,7
360,360,1,2023-07-27 21:07:00,14
361,361,5,2023-07-06 04:44:00,50
362,362,2,2023-11-04 21:42:00,28
363,363,2,2023-08-20 00:25:00,93
364,364,1,2023-11-28 20:17:00,58
365,365,4,2024-02-13 13:47:00,59
366,366,1,2023-05-11 13:07:00,89
367,367,4,2023-10-28 11:59:00,18
368,368,5,2023-12-06 08:58:00,26
369,369,5,2023-10-27 12:41:00,16
370,370,3,2023-05-16 17:14:00,81
371,371,4,2024-02-15 05:47:00,18
372,372,4,2023-06-02 06:50:00,41
373,373,2,2023-05-06 01:56:00,70
374,374,1,2023-08-20 17:41:00,36
375,375,1,2023-07-02 12:24:00,53
376,376,4,2023-09-21 04:59:00,8
377,377,3,2024-04-14 14:39:00,13
378,378,1,2023-06-09 08:50:00,46
379,379,1,2024-03-04 09:44:00,2
380,380,2,2023-07-03 20:37:00,93
381,381,4,2023-09-26 05:38:00,82
382,382,4,2024-01-07 18:09:00,59
383,383,2,2023-09-24 04:29:00,12
384,384,4,2023-10-24 17:24:00,18
385,385,5,2024-02-11 19:35:00,24
386,386,1,2023-05-09 01:01:00,15
387,387,2,2023-05-28 17:53:00,54
388,388,1,2024-02-05 12:41:00,77
389,389,3,2023-07-27 01:32:00,37
390,390,2,2023-06-09 12:39:00,12
391,391,4,2024-03-22 11:21:00,84
392,392,5,2023-07-25 10:55:00,5
393,393,2,2023-10-08 15:46:00,28
394,394,2,2023-05-06 15:58:00,93
395,395,4,2023-11-09 14:56:00,18
396,396,2,2023-09-14 00:06:00,31
397,397,4,2023-11-25 21:28:00,39
398,398,1,2024-03-06 04:44:00,9
399,399,2,2024-03-26 15:16:00,12
400,400,3,2024-01-10 23:20:00,80
401,401,4,2023-07-03 03:45:00,39
402,402,4,2023-10-16 00:22:00,21
403,403,1,2023-08-21 01:19:00,67
404,404,5,2024-01-02 12:06:00,16
405,405,2,2023-09-27 16:54:00,7
406,406,4,2023-06-07 23:41:00,76
407,407,3,2024-01-11 06:30:00,37
408,408,2,2023-05-13 02:22:00,34
409,409,1,2024-03-28 04:32:00,36
410,410,2,2023-08-17 15:47:00,93
411,411,4,2023-10-22 16:59:00,29
412,412,1,2023-04-17 02:06:00,38
413,413,2,2023-08-05 16:48:00,23
414,414,3,2023-05-21 08:59:00,47
415,415,3,2023-08-05 00:17:00,78
416,416,3,2023-10-27 22:38:00,55
417,417,5,2024-03-09 03:04:00,26
418,418,5,2024-01-18 02:26:00,94
419,419,2,2023-08-04 22:06:00,79
420,420,5,2023-05-08 09:33:00,68
421,421,4,2024-02-13 12:13:00,92
422,422,3,2023-06-21 13:59:00,40
423,423,2,2023-11-07 20:33:00,28
424,424,2,2023-08-20 18:54:00,61
425,425,5,2024-02-27 19:56:00,68
426,426,4,2023-12-29 16:27:00,21
427,427,5,2024-01-17 11:39:00,97
428,428,4,2024-01-05 09:44:00,59
429,429,2,2024-01-04 14:01:00,91
430,430,3,2023-10-21 09:38:00,75
431,431,5,2024-02-29 03:37:00,52
432,432,3,2024-01-22 08:07:00,40
433,433,3,2023-10-23 21:13:00,62
434,434,2,2023-11-05 09:44:00,61
435,435,3,2024-03-18 21:37:00,49
436,436,1,2023-04-19 01:20:00,99
437,437,4,2023-07-31 11:10:00,17
438,438,4,2023-04-16 06:09:00,41
439,439,4,2023-12-11 22:07:00,92
440,440,1,2023-08-17 07:28:00,43
441,441,1,2023-09-29 02:40:00,9
442,442,5,2023-09-23 17:07:00,24
443,443,2,2023-10-16 22:02:00,61
444,444,3,2023-09-27 16:55:00,37
445,445,3,2023-05-05 23:36:00,37
446,446,2,2023-12-04 00:48:00,93
447,447,4,2024-02-08 23:07:00,10
448,448,3,2023-04-28 00:53:00,57
449,449,4,2024-04-08 10:51:00,35
450,450,4,2023-07-23 17:33:00,76
451,451,5,2024-03-17 11:41:00,24
452,452,1,2024-01-04 16:50:00,15
453,453,4,2024-02-05 05:26:00,35
454,454,5,2023-05-24 01:33:00,45
455,455,1,2023-08-16 04:27:00,15
456,456,1,2023-09-03 16:23:00,38
457,457,5,2023-05-03 05:50:00,56
458,458,5,2023-05-28 19:37:00,11
459,459,5,2024-03-15 13:22:00,27
460,460,3,2024-03-15 17:38:00,1
461,461,3,2023-09-30 09:16:00,66
462,462,5,2023-11-24 15:42:00,96
463,463,5,2024-04-10 07:58:00,56
464,464,1,2023-07-03 06:25:00,36
465,465,3,2023-05-11 09:36:00,37
466,466,2,2023-08-12 08:11:00,54
467,467,5,2023-11-11 08:11:00,74
468,468,3,2023-10-20 14:02:00,66
469,469,4,2023-10-24 16:26:00,10
470,470,3,2024-02-20 20:49:00,51
471,471,1,2023-09-19 07:23:00,90
472,472,3,2023-04-24 03:46:00,33
473,473,2,2024-02-01 01:53:00,12
474,474,2,2023-12-27 09:48:00,25
475,475,1,2023-06-01 16:40:00,36
476,476,3,2023-12-06 04:02:00,1
477,477,3,2024-04-11 14:15:00,80
478,478,5,2023-10-21 10:35:00,86
479,479,3,2023-09-12 17:01:00,47
480,480,3,2023-11-01 22:21:00,80
481,481,3,2023-09-04 09:32:00,66
482,482,3,2023-06-02 20:58:00,73
483,483,4,2024-01-24 19:56:00,87
484,484,3,2023-08-18 22:29:00,65
485,485,4,2023-10-30 11:25:00,41
486,486,4,2023-05-13 02:03:00,39
487,487,3,2023-11-05 05:36:00,81
488,488,5,2024-01-26 02:40:00,24
489,489,4,2023-09-17 01:41:00,76
490,490,3,2024-04-14 01:20:00,57
491,491,3,2024-01-30 07:40:00,40
492,492,5,2023-09-12 06:40:00,5
493,493,1,2023-06-08 13:29:00,14
494,494,1,2023-11-16 18:57:00,89
495,495,5,2023-04-18 13:40:00,56
496,496,4,2023-11-29 14:25:00,83
497,497,5,2023-08-18 16:36:00,50
498,498,4,2023-05-13 09:53:00,82
499,499,5,2023-08-14 05:26:00,94
500,500,3,2024-02-16 08:50:00,62
501,501,2,2023-06-18 02:18:00,48
502,502,2,2023-10-18 22:35:00,93
503,503,3,2023-10-24 03:08:00,57
504,504,5,2023-08-27 22:32:00,97
505,505,2,2023-11-23 09:29:00,93
506,506,1,2023-09-08 19:08:00,63
507,507,4,2023-05-28 22:48:00,76
508,508,3,2024-01-28 14:19:00,66
509,509,1,2023-10-04 14:03:00,71
510,510,2,2023-10-09 08:22:00,60
511,511,3,2024-04-12 06:28:00,88
512,512,4,2023-09-14 13:52:00,21
513,513,5,2023-09-18 00:01:00,86
514,514,4,2023-08-09 01:15:00,59
515,515,4,2023-11-06 17:14:00,98
516,516,3,2023-08-04 17:01:00,20
517,517,3,2023-08-22 02:32:00,66
518,518,2,2023-08-10 07:59:00,61
519,519,1,2024-03-23 10:48:00,89
520,520,2,2023-05-25 06:44:00,54
521,521,4,2024-01-13 12:47:00,35
522,522,3,2023-06-25 03:52:00,47
523,523,4,2024-02-06 13:09:00,10
524,524,2,2023-05-26 20:46:00,12
525,525,4,2024-03-10 19:24:00,8
526,526,2,2024-03-19 06:39:00,61
527,527,5,2023-05-25 02:55:00,68
528,528,4,2023-10-04 17:19:00,10
529,529,4,2024-01-09 17:34:00,87
530,530,4,2023-11-16 10:41:00,10
531,531,4,2023-09-04 15:09:00,10
532,532,2,2023-08-12 15:32:00,61
533,533,4,2024-02-20 03:33:00,35
534,534,3,2024-02-26 15:27:00,37
535,535,3,2023-11-27 01:10:00,66
536,536,4,2023-10-09 23:20:00,59
537,537,2,2024-03-08 10:42:00,48
538,538,1,2024-01-28 22:08:00,71
539,539,4,2023-05-04 15:01:00,76
540,540,4,2023-11-08 16:54:00,18
541,541,3,2023-11-24 21:13:00,78
542,542,1,2024-04-10 09:31:00,36
543,543,2,2023-05-29 14:19:00,25
544,544,1,2024-01-12 10:35:00,67
545,545,1,2023-11-25 11:20:00,63
546,546,5,2023-11-17 15:12:00,86
547,547,4,2024-03-13 04:21:00,35
548,548,5,2024-03-20 02:43:00,24
549,549,3,2024-04-01 16:45:00,80
550,550,4,2023-12-04 01:02:00,76
551,551,4,2023-11-17 22:51:00,39
552,552,4,2023-12-19 00:44:00,82
553,553,1,2023-08-10 17:29:00,36
554,554,4,2023-08-27 02:52:00,21
555,555,2,2023-07-12 11:49:00,23
556,556,1,2023-10-01 16:25:00,14
557,557,5,2023-09-28 18:00:00,27
558,558,5,2024-02-09 02:59:00,11
559,559,4,2024-01-23 17:59:00,82
560,560,1,2023-10-03 13:49:00,58
561,561,5,2023-05-20 18:58:00,94
562,562,5,2024-02-17 02:04:00,50
563,563,2,2024-02-09 15:35:00,91
564,564,1,2024-01-03 09:43:00,64
565,565,3,2024-03-29 01:25:00,1
566,566,1,2023-12-02 01:15:00,15
567,567,1,2024-03-27 20:55:00,64
568,568,4,2024-04-11 00:47:00,98
569,569,4,2023-05-28 08:34:00,18
570,570,5,2024-02-03 18:57:00,45
571,571,4,2023-10-24 06:23:00,18
572,572,5,2023-11-19 02:00:00,11
573,573,3,2023-11-12 05:01:00,72
574,574,5,2023-11-04 04:41:00,97
575,575,4,2023-06-20 20:17:00,39
576,576,5,2023-07-15 01:37:00,50
577,577,3,2023-09-29 03:34:00,65
578,578,2,2023-09-16 10:07:00,28
579,579,1,2024-03-12 03:19:00,63
580,580,5,2023-07-30 11:42:00,74
581,581,4,2023-08-14 05:39:00,21
582,582,5,2024-04-07 09:29:00,6
583,583,4,2023-10-14 23:28:00,39
584,584,3,2023-04-16 15:40:00,42
585,585,2,2023-12-08 04:10:00,23
586,586,2,2024-04-12 13:06:00,93
587,587,5,2024-01-03 12:20:00,52
588,588,1,2024-01-18 17:37:00,46
589,589,2,2023-10-26 08:38:00,7
590,590,1,2024-02-03 12:15:00,71
591,591,1,2023-10-03 14:45:00,53
592,592,5,2024-03-25 19:10:00,94
593,593,2,2024-04-06 02:29:00,93
594,594,1,2023-07-05 12:34:00,43
595,595,2,2024-03-23 16:09:00,61
596,596,2,2023-10-21 03:04:00,54
597,597,4,2023-05-28 03:02:00,92
598,598,3,2023-09-16 23:02:00,37
599,599,1,2024-02-05 08:04:00,38
600,600,5,2024-01-16 15:17:00,56
601,601,1,2023-12-18 01:04:00,71
602,602,4,2023-09-02 13:01:00,10
603,603,1,2023-12-11 14:00:00,15
604,604,5,2023-07-21 01:41:00,11
605,605,2,2023-07-19 22:06:00,7
606,606,5,2024-03-24 10:36:00,52
607,607,4,2023-09-11 21:28:00,21
608,608,3,2023-12-06 10:53:00,65
609,609,5,2023-05-24 09:38:00,44
610,610,2,2024-03-27 15:44:00,85
611,611,4,2024-01-06 19:24:00,8
612,612,3,2023-09-06 01:26:00,75
613,613,1,2024-04-10 10:09:00,36
614,614,2,2023-04-30 10:46:00,60
615,615,3,2024-03-01 17:20:00,1
616,616,2,2024-03-26 15:51:00,61
617,617,1,2024-04-01 05:58:00,9
618,618,1,2023-05-07 15:27:00,71
619,619,5,2023-08-17 16:51:00,27
620,620,3,2023-10-09 17:44:00,20
621,621,3,2024-03-18 08:40:00,40
622,622,3,2023-11-25 13:35:00,65
623,623,1,2024-01-19 22:41:00,43
624,624,3,2024-02-15 22:25:00,78
625,625,2,2023-11-19 04:24:00,54
626,626,5,2023-11-30 05:58:00,11
627,627,3,2023-12-25 23:30:00,78
628,628,1,2023-09-26 08:28:00,14
629,629,1,2024-03-11 02:03:00,89
630,630,5,2023-09-18 23:38:00,24
631,631,2,2023-09-01 06:54:00,61
632,632,5,2023-11-10 13:17:00,68
633,633,3,2023-07-29 09:22:00,33
634,634,4,2024-04-14 16:20:00,92
635,635,1,2023-12-13 19:30:00,71
636,636,4,2023-09-25 19:08:00,21
637,637,1,2023-09-03 09:51:00,46
638,638,2,2023-06-04 08:40:00,25
639,639,4,2024-02-10 02:51:00,8
640,640,4,2023-05-18 10:36:00,98
641,641,2,2023-12-04 21:41:00,79
642,642,2,2023-08-11 08:27:00,7
643,643,5,2024-03-12 03:01:00,74
644,644,1,2023-07-28 08:07:00,2
645,645,1,2023-06-11 11:25:00,69
646,646,1,2023-11-20 23:28:00,67
647,647,2,2024-03-13 05:28:00,61
648,648,1,2023-08-01 20:36:00,63
649,649,2,2023-11-12 16:07:00,34
650,650,1,2023-08-08 18:30:00,77
651,651,1,2023-05-26 18:57:00,69
652,652,4,2023-09-06 19:32:00,39
653,653,1,2023-05-03 21:32:00,2
654,654,4,2023-06-21 03:16:00,92
655,655,2,2023-06-01 06:23:00,61
656,656,4,2023-11-22 06:43:00,41
657,657,5,2023-09-01 13:51:00,5
658,658,3,2023-05-31 10:41:00,51
659,659,3,2023-08-28 07:43:00,37
660,660,3,2024-02-23 06:24:00,1
661,661,4,2023-05-24 07:40:00,39
662,662,1,2023-09-15 05:16:00,36
663,663,4,2023-04-29 20:14:00,10
664,664,3,2024-01-25 12:10:00,72
665,665,3,2023-08-09 01:08:00,73
666,666,5,2024-03-15 15:28:00,52
667,667,2,2023-04-27 03:53:00,28
668,668,1,2024-01-21 17:38:00,90
669,669,4,2024-02-27 02:58:00,8
670,670,4,2023-06-06 02:22:00,3
671,671,4,2023-08-16 02:07:00,29
672,672,3,2023-10-15 03:54:00,51
673,673,2,2023-12-18 12:24:00,48
674,674,5,2024-03-24 17:41:00,32
675,675,5,2023-06-04 15:17:00,45
676,676,4,2023-07-06 12:07:00,87
677,677,4,2023-04-30 22:42:00,35
678,678,3,2024-04-14 01:07:00,40
679,679,1,2023-10-21 10:52:00,67
680,680,5,2023-08-19 06:30:00,74
681,681,3,2023-07-11 13:06:00,22
682,682,3,2023-04-22 05:35:00,75
683,683,3,2023-07-27 08:07:00,49
684,684,1,2023-04-19 16:51:00,36
685,685,5,2023-07-06 23:49:00,5
686,686,2,2024-04-13 09:06:00,91
687,687,2,2023-08-23 06:56:00,60
688,688,4,2023-10-12 11:25:00,39
689,689,2,2023-08-09 08:59:00,93
690,690,1,2023-05-17 21:59:00,2
691,691,5,2023-04-20 10:23:00,97
692,692,2,2023-10-02 22:34:00,34
693,693,3,2023-11-21 10:40:00,49
694,694,3,2024-04-03 15:18:00,75
695,695,1,2023-10-08 06:56:00,67
696,696,1,2023-09-13 01:32:00,2
697,697,4,2023-08-03 12:28:00,8
698,698,1,2023-12-18 04:13:00,9
699,699,3,2023-05-22 22:59:00,75
700,700,4,2023-10-13 08:59:00,82
701,701,3,2023-05-31 14:26:00,75
702,702,5,2023-05-21 00:14:00,44
703,703,3,2023-08-08 20:28:00,72
704,704,3,2023-07-10 13:01:00,55
705,705,2,2024-02-13 04:03:00,70
706,706,5,2023-07-06 05:20:00,16
707,707,2,2023-07-22 06:56:00,79
708,708,4,2023-04-27 15:25:00,59
709,709,4,2023-10-31 03:34:00,82
710,710,2,2024-01-10 05:36:00,54
711,711,5,2023-06-29 11:25:00,11
712,712,5,2023-11-27 09:35:00,95
713,713,3,2024-02-24 11:18:00,72
714,714,1,2023-06-14 22:27:00,2
715,715,3,2024-01-05 02:01:00,49
716,716,2,2024-01-05 03:27:00,31
717,717,1,2024-01-31 04:46:00,99
718,718,3,2023-07-15 04:40:00,47
719,719,1,2024-02-08 08:17:00,99
720,720,5,2023-12-14 02:32:00,5
721,721,1,2023-05-03 15:00:00,63
722,722,3,2023-07-16 14:56:00,66
723,723,2,2023-07-28 10:43:00,12
724,724,2,2023-10-19 10:32:00,79
725,725,4,2024-03-22 20:23:00,41
726,726,1,2023-09-13 20:53:00,9
727,727,2,2023-04-27 18:55:00,85
728,728,2,2024-01-07 15:12:00,61
729,729,3,2023-07-17 21:36:00,88
730,730,3,2024-04-12 00:28:00,78
731,731,2,2023-06-24 17:32:00,7
732,732,4,2023-06-23 08:47:00,8
733,733,5,2023-05-05 21:02:00,6
734,734,2,2023-08-01 17:39:00,61
735,735,5,2023-09-02 15:00:00,26
736,736,4,2023-07-27 15:56:00,83
737,737,1,2023-07-17 10:48:00,9
738,738,4,2023-11-16 01:25:00,17
739,739,2,2024-03-16 14:02:00,93
740,740,4,2023-12-31 12:11:00,82
741,741,2,2023-11-03 16:38:00,34
742,742,2,2023-05-06 08:54:00,91
743,743,5,2023-08-09 00:11:00,56
744,744,4,2024-02-17 13:18:00,35
745,745,2,2024-01-06 23:14:00,61
746,746,4,2023-04-25 22:57:00,98
747,747,5,2024-02-24 00:40:00,27
748,748,2,2023-05-13 20:20:00,61
749,749,1,2023-05-29 01:31:00,64
750,750,5,2023-07-20 08:00:00,32
751,751,5,2023-06-24 23:49:00,16
752,752,4,2023-07-07 22:57:00,87
753,753,3,2024-03-13 14:58:00,42
754,754,3,2023-05-17 17:13:00,73
755,755,3,2023-10-20 00:14:00,49
756,756,1,2023-08-06 04:23:00,77
757,757,4,2023-06-07 16:10:00,84
758,758,1,2024-01-08 12:20:00,67
759,759,4,2024-02-16 18:13:00,18
760,760,4,2024-02-25 14:57:00,98
761,761,3,2024-01-09 21:54:00,65
762,762,1,2023-12-17 00:12:00,99
763,763,3,2023-09-01 16:14:00,88
764,764,3,2023-12-03 00:41:00,51
765,765,1,2024-01-10 02:50:00,90
766,766,5,2023-12-02 08:09:00,6
767,767,2,2024-04-01 21:04:00,34
768,768,2,2023-11-24 18:22:00,91
769,769,4,2023-08-13 10:15:00,41
770,770,4,2024-02-26 21:56:00,41
771,771,2,2024-02-19 07:00:00,34
772,772,3,2024-04-01 15:36:00,57
773,773,4,2023-05-22 10:06:00,76
774,774,4,2023-07-07 00:04:00,87
775,775,1,2023-11-25 05:51:00,15
776,776,1,2024-03-22 14:09:00,2
777,777,4,2023-08-26 17:56:00,98
778,778,3,2023-10-22 02:51:00,51
779,779,4,2024-02-24 22:47:00,92
780,780,4,2024-01-29 04:09:00,35
781,781,2,2023-09-17 14:52:00,93
782,782,2,2024-02-19 18:10:00,85
783,783,3,2023-12-29 00:07:00,1
784,784,5,2023-05-15 11:19:00,19
785,785,2,2023-08-20 00:49:00,91
786,786,1,2024-01-26 20:17:00,69
787,787,4,2024-04-01 03:29:00,29
788,788,3,2023-10-04 19:02:00,75
789,789,1,2023-12-17 20:51:00,77
790,790,3,2024-04-09 18:20:00,20
791,791,2,2024-03-30 15:32:00,93
792,792,1,2024-02-08 13:46:00,14
793,793,4,2024-03-19 20:43:00,21
794,794,4,2023-05-22 17:54:00,29
795,795,4,2023-04-29 12:01:00,41
796,796,4,2024-01-01 19:59:00,87
797,797,3,2023-06-24 10:49:00,20
798,798,2,2023-06-05 04:41:00,7
799,799,3,2023-06-30 08:32:00,57
800,800,1,2024-03-09 13:28:00,46
801,801,4,2024-01-04 15:57:00,3
802,802,1,2023-08-14 14:27:00,2
803,803,1,2023-07-17 06:58:00,58
804,804,4,2023-11-16 00:56:00,8
805,805,1,2023-12-27 17:24:00,58
806,806,2,2023-10-22 14:35:00,79
807,807,2,2024-04-03 07:04:00,85
808,808,1,2024-03-29 20:09:00,36
809,809,2,2023-12-07 07:14:00,93
810,810,2,2023-05-12 00:02:00,12
811,811,2,2023-11-08 04:57:00,31
812,812,4,2024-01-11 14:35:00,83
813,813,4,2023-09-29 02:57:00,87
814,814,4,2024-01-26 20:29:00,21
815,815,3,2023-06-14 00:40:00,62
816,816,4,2023-10-03 01:56:00,17
817,817,3,2023-09-04 23:31:00,80
818,818,1,2023-07-27 18:28:00,15
819,819,2,2023-10-12 23:16:00,31
820,820,3,2023-04-19 08:37:00,49
821,821,1,2024-01-11 10:18:00,36
822,822,5,2023-08-15 23:55:00,68
823,823,1,2023-11-24 07:12:00,90
824,824,5,2023-11-26 04:25:00,95
825,825,3,2023-06-24 22:04:00,13
826,826,2,2023-05-03 08:42:00,60
827,827,3,2024-02-03 01:17:00,20
828,828,4,2024-01-02 02:36:00,41
829,829,5,2024-02-22 18:23:00,100
830,830,2,2023-08-14 04:04:00,54
831,831,4,2023-10-25 14:44:00,35
832,832,1,2023-05-04 08:41:00,67
833,833,1,2023-09-28 05:38:00,14
834,834,3,2023-08-16 05:29:00,81
835,835,1,2023-05-26 06:56:00,99
836,836,3,2023-05-18 12:08:00,75
837,837,2,2024-04-07 05:56:00,25
838,838,5,2023-08-17 23:44:00,56
839,839,2,2024-01-01 10:31:00,48
840,840,3,2023-10-18 19:00:00,22
841,841,5,2024-01-03 12:01:00,6
842,842,3,2023-11-05 20:35:00,55
843,843,1,2023-12-05 00:19:00,53
844,844,3,2023-09-22 20:25:00,40
845,845,3,2024-01-26 13:32:00,1
846,846,5,2023-10-05 17:42:00,50
847,847,5,2023-04-27 17:53:00,68
848,848,1,2023-07-05 01:26:00,2
849,849,2,2023-10-27 00:55:00,28
850,850,2,2023-12-16 03:16:00,70
851,851,1,2024-01-22 23:49:00,9
852,852,3,2023-05-03 17:49:00,73
853,853,4,2023-05-15 00:21:00,10
854,854,4,2023-07-14 19:30:00,29
855,855,5,2024-03-08 11:37:00,52
856,856,4,2023-09-19 18:17:00,3
857,857,4,2024-01-31 08:03:00,8
858,858,2,2023-12-04 11:12:00,7
859,859,2,2023-05-24 12:31:00,61
860,860,3,2023-12-14 08:45:00,47
861,861,5,2023-11-27 23:18:00,52
862,862,5,2023-11-04 02:38:00,27
863,863,5,2024-02-29 12:03:00,4
864,864,5,2024-01-26 05:27:00,86
865,865,3,2024-01-05 13:55:00,62
866,866,4,2024-01-11 19:43:00,41
867,867,2,2023-07-03 17:09:00,31
868,868,4,2024-03-30 16:19:00,39
869,869,1,2023-11-08 20:12:00,43
870,870,2,2023-08-30 12:44:00,34
871,871,5,2024-03-27 23:01:00,68
872,872,5,2023-09-28 21:38:00,44
873,873,4,2023-07-23 00:55:00,82
874,874,1,2024-01-24 14:00:00,77
875,875,3,2023-12-06 15:05:00,81
876,876,1,2023-06-25 17:03:00,99
877,877,5,2023-12-05 08:42:00,11
878,878,5,2023-12-16 08:46:00,100
879,879,2,2023-06-07 18:17:00,34
880,880,3,2023-12-22 06:25:00,42
881,881,2,2023-04-30 21:14:00,60
882,882,5,2023-10-31 05:42:00,19
883,883,4,2023-04-22 17:55:00,10
884,884,1,2023-06-14 00:09:00,36
885,885,2,2024-03-09 00:39:00,25
886,886,2,2023-06-11 01:15:00,79
887,887,1,2023-05-17 19:26:00,77
888,888,3,2023-06-07 23:41:00,49
889,889,5,2024-03-11 00:39:00,74
890,890,1,2024-03-27 11:22:00,67
891,891,2,2023-06-19 18:19:00,12
892,892,2,2023-12-09 00:13:00,34
893,893,2,2023-06-24 13:09:00,91
894,894,3,2024-02-07 01:17:00,42
895,895,1,2023-10-22 03:33:00,64
896,896,2,2023-08-29 00:03:00,70
897,897,4,2023-04-26 21:06:00,8
898,898,5,2023-12-05 17:26:00,24
899,899,4,2024-01-05 01:12:00,17
900,900,1,2023-11-01 09:21:00,99
901,901,3,2023-07-16 12:19:00,20
902,902,1,2024-02-25 02:51:00,43
903,903,4,2023-12-17 09:05:00,84
904,904,3,2023-12-28 01:35:00,22
905,905,5,2023-05-29 18:50:00,95
906,906,5,2024-01-04 18:00:00,74
907,907,1,2024-01-26 00:04:00,53
908,908,3,2023-05-03 08:38:00,33
909,909,4,2023-07-29 20:24:00,87
910,910,5,2023-05-09 13:10:00,97
911,911,5,2024-03-07 07:54:00,97
912,912,3,2023-05-30 13:27:00,40
913,913,5,2023-05-20 12:28:00,100
914,914,4,2024-04-11 18:26:00,29
915,915,1,2024-03-11 12:03:00,71
916,916,4,2023-05-08 06:14:00,92
917,917,2,2023-11-11 11:25:00,25
918,918,4,2023-12-04 08:22:00,92
919,919,5,2023-08-04 08:14:00,26
920,920,5,2023-08-02 01:11:00,56
921,921,1,2023-12-27 04:10:00,69
922,922,1,2023-06-04 22:41:00,64
923,923,1,2023-12-10 08:04:00,46
924,924,5,2023-06-20 12:52:00,94
925,925,4,2023-07-22 10:08:00,39
926,926,3,2024-01-08 06:08:00,78
927,927,5,2024-03-31 06:16:00,68
928,928,1,2024-01-16 15:39:00,63
929,929,4,2023-07-05 16:29:00,83
930,930,4,2024-02-07 12:12:00,8
931,931,4,2023-09-10 13:51:00,18
932,932,5,2023-10-15 11:07:00,5
933,933,3,2023-07-14 08:39:00,33
934,934,4,2023-09-13 09:10:00,59
935,935,3,2024-03-10 08:59:00,49
936,936,4,2024-02-17 18:22:00,82
937,937,5,2024-03-29 10:33:00,5
938,938,2,2023-08-27 08:46:00,85
939,939,2,2023-10-14 06:47:00,25
940,940,1,2024-02-19 20:52:00,36
941,941,1,2024-03-01 11:33:00,77
942,942,5,2023-12-08 08:30:00,45
943,943,4,2023-12-17 04:51:00,29
944,944,2,2023-11-26 13:24:00,34
945,945,4,2023-07-13 14:11:00,84
946,946,3,2023-09-12 13:25:00,66
947,947,5,2024-03-22 16:11:00,16
948,948,4,2023-12-25 18:33:00,82
949,949,3,2023-08-17 06:31:00,47
950,950,1,2023-05-06 21:15:00,38
951,951,1,2023-12-12 01:04:00,67
952,952,2,2023-09-29 03:47:00,25
953,953,1,2023-07-08 17:52:00,15
954,954,1,2023-06-07 09:20:00,43
955,955,3,2023-07-15 12:14:00,80
956,956,3,2024-01-22 17:05:00,55
957,957,5,2023-09-22 01:03:00,94
958,958,1,2023-07-06 04:15:00,69
959,959,2,2024-01-08 22:15:00,23
960,960,4,2024-01-18 03:22:00,76
961,961,1,2023-04-22 09:48:00,99
962,962,4,2023-11-13 03:40:00,39
963,963,1,2023-09-07 03:44:00,71
964,964,1,2024-04-14 13:28:00,38
965,965,4,2024-02-25 01:21:00,17
966,966,5,2023-06-16 12:52:00,100
967,967,5,2023-06-22 08:26:00,32
968,968,1,2023-05-16 12:03:00,99
969,969,1,2023-05-15 11:01:00,71
970,970,2,2023-06-14 04:19:00,25
971,971,5,2024-03-04 03:02:00,4
972,972,3,2023-11-13 04:52:00,75
973,973,4,2023-06-18 12:40:00,82
974,974,2,2023-08-06 23:44:00,79
975,975,2,2024-03-15 14:14:00,23
976,976,1,2023-11-26 08:56:00,46
977,977,1,2023-09-30 09:36:00,63
978,978,1,2023-07-10 08:55:00,36
979,979,5,2024-02-21 07:07:00,19
980,980,3,2023-10-27 23:05:00,33
981,981,4,2023-09-04 10:10:00,98
982,982,1,2023-07-08 09:55:00,9
983,983,3,2023-10-27 16:50:00,62
984,984,5,2023-06-13 09:44:00,4
985,985,5,2023-10-28 15:43:00,50
986,986,5,2023-10-11 00:20:00,44
987,987,5,2023-08-06 09:03:00,97
988,988,1,2023-05-10 19:48:00,2
989,573,1,2024-03-25 21:01:00,77
990,989,1,2023-11-21 08:42:00,38
991,990,3,2024-02-12 03:15:00,33
992,991,1,2023-05-31 19:01:00,43
993,992,4,2024-02-11 20:46:00,82
994,993,5,2023-06-08 15:26:00,45
995,994,2,2023-05-23 11:37:00,28
996,995,4,2023-09-06 23:15:00,35
997,996,1,2023-07-28 03:56:00,2
998,997,1,2023-07-05 06:18:00,89
999,998,4,2023-06-29 05:02:00,21
1000,999,3,2024-01-19 00:32:00,72
1001,1000,1,2023-10-23 02:09:00,46
1002,1001,5,2023-09-30 18:45:00,86
1003,1002,5,2023-08-11 18:03:00,45
1004,1003,1,2024-03-18 06:28:00,53
1005,1004,3,2024-01-17 00:30:00,22
1006,1005,2,2023-06-01 03:52:00,31
1007,1006,2,2023-08-17 20:59:00,60
1008,1007,3,2023-06-08 15:47:00,80
1009,1008,2,2023-11-29 13:24:00,85
1010,1009,2,2023-05-25 05:14:00,60
1011,1010,1,2023-05-18 15:47:00,67
1012,1011,4,2023-04-17 09:36:00,59
1013,1012,1,2023-04-23 15:29:00,38
1014,1013,3,2023-12-06 03:18:00,88
1015,1014,5,2024-03-25 12:59:00,5
1016,1015,4,2024-02-11 02:32:00,76
1017,1016,1,2023-12-14 22:37:00,67
1018,1017,2,2023-07-03 13:40:00,60
1019,1018,5,2024-03-30 20:16:00,56
1020,1019,1,2023-07-08 05:54:00,53
1021,1020,2,2024-02-02 00:24:00,93
1022,1021,4,2024-04-09 16:59:00,29
1023,1022,4,2023-05-05 00:31:00,76
1024,1023,4,2023-08-04 13:05:00,41
1025,1024,4,2023-12-24 22:18:00,21
1026,1025,1,2023-05-26 18:23:00,71
1027,1026,3,2023-09-26 07:04:00,49
1028,1027,4,2023-11-26 23:02:00,92
1029,1028,1,2023-11-20 19:03:00,99
1030,1029,5,2024-04-02 12:58:00,56
1031,1030,2,2024-01-26 09:52:00,28
1032,1031,3,2024-01-23 01:17:00,37
1033,1032,4,2024-04-01 08:34:00,18
1034,1033,4,2023-06-02 01:30:00,8
1035,1034,3,2023-12-29 05:17:00,66
1036,1035,5,2024-01-27 12:46:00,16
1037,1036,4,2023-11-15 11:36:00,35
1038,1037,1,2023-10-25 17:42:00,99
1039,1038,2,2023-06-30 00:20:00,28
1040,1039,2,2023-12-11 15:40:00,48
1041,1040,4,2024-03-25 14:06:00,18
1042,1041,2,2024-04-01 15:31:00,25
1043,1042,1,2023-11-03 01:49:00,43
1044,1043,2,2023-05-26 16:49:00,54
1045,1044,5,2023-08-04 07:13:00,24
1046,1045,1,2023-10-24 08:51:00,58
1047,1046,5,2023-07-25 00:39:00,50
1048,1047,5,2023-11-10 04:16:00,44
1049,1048,5,2023-07-18 02:04:00,32
1050,1049,2,2024-01-09 16:42:00,54
1051,1050,4,2024-01-18 09:27:00,17
1052,1051,3,2023-10-16 13:40:00,57
1053,1052,4,2024-01-03 11:02:00,83
1054,1053,5,2023-09-07 10:53:00,44
1055,1054,3,2023-10-05 18:40:00,57
1056,1055,1,2024-03-15 13:51:00,53
1057,1056,5,2023-09-06 13:04:00,30
1058,1057,4,2024-04-10 20:00:00,92
1059,1058,1,2023-08-20 00:48:00,43
1060,1059,4,2023-04-15 17:48:00,39
1061,1060,2,2024-01-14 14:48:00,25
1062,1061,1,2023-11-15 03:55:00,14
1063,1062,4,2024-03-13 19:26:00,87
1064,1063,1,2024-02-29 05:58:00,69
1065,1064,1,2023-05-10 12:01:00,69
1066,1065,5,2023-09-26 00:08:00,44
1067,1066,1,2023-07-25 11:48:00,89
1068,1067,1,2023-12-14 07:30:00,90
1069,1068,3,2023-06-22 03:57:00,20
1070,1069,2,2023-10-03 16:06:00,79
1071,1070,1,2024-01-23 05:37:00,90
1072,1071,3,2024-01-18 21:07:00,62
1073,1072,3,2023-09-14 02:30:00,81
1074,1073,5,2023-04-27 07:36:00,30
1075,1074,3,2023-07-15 07:47:00,40
1076,1075,5,2023-05-21 23:55:00,6
1077,1076,3,2023-12-15 02:23:00,57
1078,1077,4,2023-09-20 03:11:00,92
1079,1078,4,2023-04-16 03:53:00,18
1080,1079,5,2024-04-02 01:27:00,45
1081,1080,1,2023-08-24 07:30:00,63
1082,1081,3,2023-12-21 22:51:00,62
1083,1082,3,2023-05-20 16:36:00,22
1084,1083,1,2024-01-29 20:02:00,15
1085,1084,4,2024-01-02 12:53:00,35
1086,1085,3,2024-01-31 04:12:00,47
1087,1086,3,2024-02-20 16:57:00,33
1088,1087,4,2023-10-12 01:16:00,76
1089,1088,4,2023-04-25 18:24:00,59
1090,1089,5,2023-09-23 02:32:00,52
1091,1090,1,2023-08-03 01:39:00,2
1092,1091,2,2024-02-23 19:12:00,54
1093,1092,2,2023-11-28 12:29:00,85
1094,1093,3,2023-05-14 10:40:00,55
1095,1094,3,2024-01-31 21:24:00,55
1096,1095,3,2023-12-16 07:06:00,33
1097,1096,5,2023-12-31 06:33:00,95
1098,1097,4,2024-03-30 16:22:00,18
1099,1098,5,2023-05-03 11:44:00,32
1100,1099,2,2024-03-15 05:42:00,34
1101,1100,2,2024-01-03 12:46:00,31
1102,1101,4,2023-10-04 23:55:00,29
1103,1102,1,2023-07-07 22:02:00,43
1104,1103,2,2023-08-18 11:03:00,85
1105,1104,4,2023-07-01 14:09:00,8
1106,1105,2,2023-07-06 09:22:00,12
1107,1106,2,2023-10-27 22:23:00,31
1108,1107,5,2024-03-19 13:56:00,56
1109,1108,4,2023-06-10 03:58:00,10
1110,1109,5,2023-05-19 19:11:00,94
1111,1110,5,2024-02-02 11:04:00,6
1112,1111,2,2024-03-10 14:57:00,79
1113,1112,4,2023-05-13 20:50:00,10
1114,1113,3,2023-07-12 09:19:00,73
1115,1114,5,2023-10-18 01:44:00,27
1116,1115,1,2023-10-17 19:50:00,14
1117,1116,4,2023-11-01 04:54:00,29
1118,1117,5,2023-04-27 18:02:00,30
1119,1118,1,2024-02-03 03:03:00,2
1120,1119,3,2023-08-18 15:05:00,47
1121,1120,3,2024-01-01 17:10:00,73
1122,1121,5,2023-05-30 23:19:00,24
1123,1122,4,2023-07-14 00:25:00,10
1124,1123,1,2023-04-16 14:01:00,38
1125,1124,4,2023-06-15 02:36:00,35
1126,1125,2,2023-12-28 13:11:00,79
1127,1126,2,2023-10-10 14:35:00,12
1128,1127,5,2023-04-17 21:56:00,6
1129,1128,5,2023-08-14 10:42:00,52
1130,1129,2,2023-07-13 17:44:00,85
1131,1130,3,2024-02-26 14:50:00,57
1132,1131,2,2023-11-21 16:57:00,25
1133,1132,2,2024-02-21 08:34:00,25
1134,1133,3,2023-12-21 12:10:00,81
1135,1134,2,2023-07-18 01:16:00,54
1136,1135,5,2023-11-08 15:47:00,5
1137,1136,1,2024-01-17 01:35:00,36
1138,1137,3,2023-12-12 17:36:00,51
1139,1138,1,2024-03-03 02:45:00,38
1140,1139,5,2023-09-27 18:33:00,56
1141,1140,5,2023-06-15 06:52:00,24
1142,1141,3,2023-09-07 10:51:00,78
1143,1142,1,2024-01-18 19:26:00,53
1144,1143,3,2023-07-28 12:07:00,55
1145,1144,2,2024-02-11 05:07:00,79
1146,1145,1,2023-11-27 15:26:00,77
1147,1146,3,2023-09-04 16:45:00,80
1148,1147,2,2023-12-31 23:42:00,93
1149,1148,5,2023-09-22 03:11:00,52
1150,1149,2,2023-10-30 02:46:00,61
1151,1150,2,2023-11-20 21:31:00,70
1152,1151,3,2024-02-08 21:59:00,40
1153,1152,4,2024-02-23 18:36:00,76
1154,1153,4,2023-11-13 15:20:00,29
1155,1154,3,2023-11-10 10:37:00,88
1156,1155,2,2023-12-24 20:57:00,25
1157,1156,2,2024-01-27 02:07:00,91
1158,1157,4,2023-12-21 16:37:00,92
1159,1158,2,2023-06-18 05:08:00,61
1160,1159,4,2023-05-14 06:31:00,84
1161,1160,5,2024-01-04 20:53:00,96
1162,1161,1,2023-06-13 10:47:00,2
1163,1162,3,2023-07-04 17:30:00,22
1164,1163,4,2024-02-28 01:24:00,39
1165,1164,1,2023-06-14 05:48:00,14
1166,1165,3,2024-01-03 10:30:00,72
1167,1166,2,2024-02-05 08:31:00,54
1168,1167,3,2023-12-01 01:19:00,13
1169,1168,4,2024-01-03 20:12:00,21
1170,1169,1,2023-12-11 11:44:00,53
1171,1170,5,2023-10-30 08:53:00,4
1172,1171,5,2023-04-22 15:32:00,95
1173,1172,3,2024-03-09 19:59:00,51
1174,1173,4,2023-12-05 12:13:00,29
1175,1174,2,2023-07-10 22:12:00,34
1176,1175,3,2024-01-15 02:50:00,33
1177,1176,3,2023-11-22 00:53:00,62
1178,1177,4,2023-09-27 16:56:00,18
1179,1178,4,2023-09-25 00:38:00,18
1180,1179,3,2023-05-29 04:24:00,72
1181,1180,2,2023-05-13 09:55:00,60
1182,1181,5,2023-06-23 02:01:00,4
1183,1182,1,2023-05-11 17:45:00,36
1184,1183,3,2023-05-10 17:00:00,47
1185,1184,2,2023-05-03 08:38:00,79
1186,1185,5,2023-10-24 17:48:00,16
1187,1186,3,2023-12-11 09:03:00,66
1188,1187,3,2023-10-04 07:35:00,62
1189,1188,3,2023-10-23 00:39:00,81
1190,1189,1,2023-12-23 04:36:00,46
1191,1190,2,2024-03-08 06:03:00,91
1192,1191,3,2023-11-10 04:20:00,66
1193,1192,1,2023-12-22 11:17:00,58
1194,1193,2,2023-12-11 20:39:00,60
1195,1194,1,2023-08-27 04:43:00,14
1196,1195,2,2023-09-23 07:35:00,25
1197,1196,1,2023-12-11 23:19:00,53
1198,1197,1,2023-08-03 08:32:00,69
1199,1198,2,2023-05-24 20:44:00,28
1200,1199,2,2024-01-24 16:24:00,54
1201,1200,1,2023-07-28 20:58:00,43
1202,1201,3,2024-01-04 19:44:00,1
1203,1202,1,2023-07-10 01:20:00,90
1204,1203,3,2023-08-25 02:36:00,13
1205,1204,5,2023-12-18 05:37:00,24
1206,1205,4,2023-08-16 22:34:00,82
1207,1206,4,2023-07-18 19:37:00,87
1208,1207,4,2023-10-31 03:56:00,29
1209,1186,5,2023-04-25 07:28:00,11
1210,1208,5,2023-11-06 03:29:00,95
1211,1209,3,2024-01-13 12:25:00,37
1212,1210,5,2023-12-25 10:58:00,68
1213,1211,1,2024-02-22 06:19:00,36
1214,1212,3,2023-10-02 16:31:00,49
1215,1213,2,2023-10-06 02:19:00,60
1216,1214,4,2023-04-20 17:28:00,83
1217,1215,3,2023-08-13 02:53:00,20
1218,1216,2,2024-04-07 08:07:00,23
1219,1217,3,2023-07-02 13:13:00,22
1220,1218,5,2024-01-20 13:12:00,94
1221,1219,4,2023-08-26 08:19:00,84
1222,1220,1,2023-10-18 17:06:00,69
1223,1221,1,2023-12-27 05:11:00,99
1224,1222,3,2023-10-20 22:05:00,81
1225,1223,4,2023-11-02 03:10:00,41
1226,1224,3,2023-07-12 06:01:00,88
1227,1225,1,2023-08-05 17:08:00,58
1228,1226,4,2023-05-14 04:59:00,87
1229,1227,3,2023-04-16 07:30:00,72
1230,1228,1,2023-07-25 13:37:00,71
1231,1229,4,2023-10-28 09:25:00,17
1232,1230,4,2023-08-10 13:25:00,17
1233,1231,4,2023-07-16 00:16:00,8
1234,1232,1,2024-03-20 07:43:00,89
1235,1233,2,2024-01-07 07:19:00,25
1236,1234,2,2024-04-09 21:48:00,79
1237,1235,2,2023-12-14 21:10:00,31
1238,1236,5,2024-04-06 17:42:00,5
1239,1237,1,2023-06-04 02:56:00,14
1240,1238,3,2023-05-30 01:28:00,55
1241,1239,5,2023-12-07 08:06:00,50
1242,1240,4,2023-06-16 08:31:00,41
1243,1241,3,2023-05-17 02:47:00,13
1244,1242,4,2023-10-22 23:52:00,18
1245,1243,5,2023-06-02 12:04:00,16
1246,1244,2,2023-06-02 12:35:00,28
1247,1245,4,2023-12-03 17:34:00,92
1248,1246,1,2023-08-26 13:29:00,69
1249,1247,2,2023-05-08 00:33:00,79
1250,1248,3,2023-09-06 14:31:00,37
1251,1249,4,2023-08-04 16:08:00,18
1252,1250,5,2024-01-14 03:25:00,74
1253,1251,2,2024-02-03 19:04:00,61
1254,1252,3,2023-11-07 19:22:00,1
1255,1253,4,2023-09-26 13:46:00,10
1256,1254,3,2023-09-22 02:35:00,20
1257,1255,5,2024-02-26 01:31:00,96
1258,1256,5,2023-04-18 13:42:00,74
1259,1257,4,2023-10-28 16:43:00,92
1260,1258,3,2023-07-17 19:51:00,40
1261,1259,1,2023-10-16 18:36:00,2
1262,1260,4,2023-05-23 13:34:00,84
1263,1261,5,2023-11-16 14:00:00,24
1264,1262,4,2024-01-31 05:54:00,35
1265,1263,1,2023-05-05 10:52:00,89
1266,1264,1,2023-07-13 03:13:00,64
1267,1265,5,2024-01-12 10:23:00,6
1268,1266,2,2024-01-06 19:45:00,91
1269,1267,3,2024-02-06 07:55:00,51
1270,1268,5,2023-09-10 01:30:00,50
1271,1269,4,2024-01-14 02:50:00,3
1272,1270,1,2024-01-31 17:15:00,90
1273,1271,2,2023-06-03 14:59:00,85
1274,1272,4,2023-09-04 22:19:00,83
1275,1273,1,2023-09-15 18:37:00,69
1276,1274,3,2023-11-22 12:04:00,47
1277,1275,3,2023-12-19 21:30:00,1
1278,1276,5,2023-09-05 17:05:00,45
1279,1277,4,2023-10-11 14:40:00,41
1280,1278,3,2023-06-25 14:20:00,62
1281,1279,3,2023-10-25 00:44:00,57
1282,1280,3,2023-12-12 06:33:00,66
1283,1281,5,2023-08-05 11:55:00,94
1284,1282,2,2023-12-31 19:18:00,12
1285,1283,3,2024-04-01 15:06:00,51
1286,1284,4,2023-12-30 17:39:00,21
1287,1285,4,2023-11-26 12:00:00,92
1288,1286,1,2023-09-18 12:06:00,38
1289,1287,4,2023-11-06 15:35:00,17
1290,1288,5,2024-01-29 23:35:00,24
1291,1289,4,2023-11-23 17:06:00,3
1292,1290,3,2023-05-01 10:45:00,42
1293,1291,4,2024-03-22 18:46:00,29
1294,1292,2,2024-03-22 11:46:00,79
1295,1293,4,2023-10-25 15:46:00,76
1296,1294,5,2023-06-15 19:39:00,56
1297,1295,4,2023-08-09 02:12:00,21
1298,1296,2,2023-11-27 10:45:00,93
1299,1297,3,2024-02-14 16:10:00,62
1300,1298,2,2023-06-28 13:16:00,85
1301,1299,3,2023-08-17 06:54:00,55
1302,1300,3,2023-05-29 08:13:00,55
1303,1301,3,2023-12-29 20:19:00,49
1304,1302,3,2023-10-23 18:08:00,72
1305,1303,3,2024-04-08 08:46:00,88
1306,1304,2,2024-03-15 08:40:00,60
1307,1305,4,2023-07-22 21:02:00,87
1308,1306,4,2023-11-28 20:10:00,21
1309,1307,5,2024-02-21 23:16:00,94
1310,1308,3,2023-06-14 05:00:00,49
1311,1309,2,2024-01-10 15:02:00,70
1312,1310,3,2024-02-17 03:32:00,13
1313,1311,3,2024-01-08 10:22:00,66
1314,1312,4,2023-07-09 06:02:00,59
1315,1313,5,2023-08-24 08:46:00,96
1316,1314,1,2023-11-28 11:08:00,38
1317,1315,4,2023-04-22 14:02:00,84
1318,1316,2,2023-09-10 03:47:00,25
1319,1317,2,2023-07-20 19:11:00,79
1320,1318,5,2023-05-28 20:47:00,52
1321,1319,5,2023-11-25 08:44:00,6
1322,1320,1,2023-09-01 06:04:00,14
1323,1321,1,2023-08-11 17:14:00,67
1324,1322,2,2024-03-29 14:03:00,93
1325,1323,2,2023-08-29 08:36:00,79
1326,1324,1,2023-05-05 19:56:00,38
1327,1325,2,2023-05-14 00:37:00,34
1328,1326,3,2023-07-03 03:57:00,55
1329,1327,2,2023-11-17 22:20:00,54
1330,1328,1,2024-01-20 13:53:00,15
1331,1329,2,2023-07-09 17:31:00,54
1332,1330,2,2023-09-05 19:11:00,34
1333,1331,4,2023-05-14 16:51:00,87
1334,1332,4,2023-12-11 02:14:00,84
1335,1333,2,2023-04-20 12:55:00,34
1336,1334,1,2023-10-31 05:01:00,36
1337,1335,2,2023-12-30 18:35:00,70
1338,1336,1,2023-05-02 09:36:00,58
1339,1337,2,2023-11-25 02:30:00,23
1340,1338,1,2023-06-12 02:12:00,90
1341,1339,2,2023-09-05 14:06:00,54
1342,1340,1,2023-08-17 03:46:00,69
1343,1341,1,2023-08-27 07:14:00,53
1344,1342,1,2023-07-02 07:04:00,36
1345,1343,4,2023-07-04 18:28:00,59
1346,1344,1,2023-10-14 09:08:00,46
1347,1345,3,2023-12-06 20:51:00,88
1348,1346,4,2023-08-30 07:10:00,84
1349,1347,2,2023-09-25 00:25:00,31
1350,1348,4,2023-06-22 12:32:00,87
1351,1349,5,2023-06-17 03:59:00,16
1352,1350,5,2024-01-08 02:06:00,68
1353,1351,1,2023-12-14 12:16:00,69
1354,1352,5,2023-06-18 10:35:00,32
1355,1353,5,2024-04-06 08:47:00,6
1356,1354,2,2023-05-25 10:10:00,31
1357,1355,1,2024-01-28 12:23:00,38
1358,1356,4,2023-05-07 05:04:00,41
1359,1357,4,2023-12-21 00:13:00,35
1360,1358,3,2023-08-17 23:04:00,51
1361,1359,3,2023-05-05 02:20:00,37
1362,1360,3,2023-07-13 04:21:00,88
1363,1361,4,2023-11-27 09:17:00,3
1364,1362,4,2023-11-05 04:30:00,29
1365,1363,3,2023-09-03 00:07:00,55
1366,1364,2,2023-07-20 02:44:00,70
1367,1365,1,2023-12-21 17:44:00,2
1368,1366,4,2023-12-05 23:35:00,35
1369,1367,5,2023-11-04 02:47:00,50
1370,1368,1,2024-02-24 07:07:00,36
1371,1369,5,2024-02-20 08:19:00,32
1372,1370,2,2024-04-06 05:30:00,93
1373,1371,2,2023-09-11 21:02:00,54
1374,1372,4,2023-08-26 16:08:00,8
1375,1373,1,2024-02-26 12:30:00,64
1376,1374,4,2023-05-22 15:27:00,17
1377,1375,4,2024-04-06 05:24:00,92
1378,1376,3,2024-03-28 16:08:00,37
1379,1377,4,2023-12-20 00:25:00,98
1380,1378,4,2024-01-17 06:38:00,98
1381,1379,2,2023-07-21 09:09:00,25
1382,1380,5,2023-04-18 18:51:00,27
1383,1381,5,2023-09-15 09:11:00,100
1384,1382,5,2023-07-06 22:24:00,26
1385,1383,1,2023-11-27 11:34:00,69
1386,1384,2,2023-07-26 03:41:00,61
1387,1385,1,2024-03-19 10:36:00,43
1388,1386,2,2024-03-22 22:37:00,93
1389,1387,4,2023-10-29 17:25:00,82
1390,1388,2,2024-02-12 23:10:00,70
1391,1389,3,2023-04-20 07:25:00,78
1392,1390,1,2024-04-09 18:03:00,9
1393,1391,5,2023-11-24 12:26:00,24
1394,1392,4,2023-10-21 01:37:00,98
1395,1393,2,2023-04-20 19:24:00,93
1396,1394,2,2023-08-06 23:58:00,7
1397,1395,4,2023-10-14 17:42:00,59
1398,1396,1,2023-11-17 14:43:00,99
1399,1397,4,2023-06-27 23:09:00,84
1400,1398,4,2023-06-20 11:39:00,59
1401,1399,4,2024-01-24 14:58:00,87
1402,1400,2,2023-11-07 23:54:00,28
1403,1401,5,2023-05-01 02:17:00,52
1404,1402,1,2024-02-05 03:59:00,90
1405,1403,1,2023-06-04 01:43:00,69
1406,1404,3,2024-03-18 07:42:00,40
1407,1405,1,2023-12-15 18:21:00,63
1408,1406,1,2023-10-11 03:42:00,36
1409,1407,1,2023-09-27 03:21:00,38
1410,1408,3,2024-01-09 20:47:00,22
1411,1409,5,2024-03-13 14:30:00,95
1412,1410,1,2023-09-16 21:29:00,69
1413,1411,3,2023-07-04 02:27:00,73
1414,1412,4,2023-08-09 01:10:00,17
1415,1413,4,2023-06-29 16:27:00,41
1416,1414,1,2023-11-12 17:19:00,64
1417,1415,5,2024-04-05 19:56:00,11
1418,1416,2,2024-01-31 09:48:00,34
1419,1417,2,2023-10-28 16:32:00,23
1420,1418,2,2023-09-29 00:31:00,54
1421,1419,4,2023-12-16 18:26:00,3
1422,1420,5,2024-01-25 22:08:00,86
1423,1421,2,2023-06-16 05:44:00,70
1424,1422,5,2024-01-27 16:14:00,50
1425,1423,1,2023-06-20 22:37:00,43
1426,1424,4,2023-06-12 16:12:00,82
1427,1425,3,2023-07-14 14:39:00,22
1428,1426,2,2023-08-13 03:17:00,31
1429,1427,5,2023-06-03 23:16:00,50
1430,1428,1,2023-04-25 09:41:00,2
1431,1429,5,2023-04-24 19:32:00,30
1432,1430,3,2023-11-30 17:55:00,42
1433,1431,2,2024-02-11 21:39:00,70
1434,1432,4,2024-03-30 01:23:00,18
1435,1433,4,2024-02-08 15:40:00,84
1436,1434,3,2023-12-13 20:10:00,65
1437,1435,1,2023-12-23 13:03:00,2
1438,1436,5,2023-11-11 00:07:00,24
1439,1437,1,2023-10-14 08:29:00,77
1440,1438,3,2024-02-23 04:08:00,65
1441,1439,1,2023-06-13 18:23:00,46
1442,1440,3,2023-04-23 16:32:00,80
1443,1441,1,2023-06-11 21:10:00,67
1444,1442,2,2023-04-20 17:14:00,34
1445,1443,3,2024-03-17 01:37:00,55
1446,1444,4,2024-01-30 09:39:00,17
1447,1445,1,2023-10-25 11:43:00,89
1448,1446,2,2023-11-10 17:28:00,7
1449,1447,1,2023-09-16 12:59:00,64
1450,1448,1,2023-09-25 21:42:00,67
1451,1449,4,2024-01-09 16:17:00,76
1452,1450,2,2023-06-06 04:50:00,61
1453,1451,2,2023-11-07 00:16:00,60
1454,1452,4,2023-05-18 18:01:00,39
1455,1453,2,2024-02-12 08:28:00,48
1456,1454,1,2024-03-24 14:58:00,15
1457,1455,3,2023-06-27 00:19:00,81
1458,1456,5,2024-01-30 13:16:00,68
1459,1457,3,2023-08-10 11:02:00,80
1460,1458,4,2024-03-31 06:35:00,39
1461,1459,5,2023-11-17 16:16:00,24
1462,1460,2,2023-09-19 05:40:00,54
1463,1461,4,2023-08-24 22:14:00,98
1464,1462,3,2023-11-01 10:50:00,81
1465,1463,3,2023-07-11 22:18:00,42
1466,1464,4,2023-06-19 17:12:00,21
1467,1465,2,2023-05-18 08:47:00,54
1468,1466,2,2024-01-26 17:06:00,70
1469,1467,4,2023-05-02 03:11:00,41
1470,1468,3,2024-03-04 14:24:00,33
1471,1469,2,2024-02-24 14:24:00,61
1472,1470,5,2023-06-15 19:26:00,100
1473,1471,1,2024-02-05 02:59:00,38
1474,1472,1,2023-10-03 16:17:00,46
1475,1473,1,2023-11-13 02:05:00,64
1476,1474,2,2023-05-27 06:32:00,48
1477,1475,3,2023-08-23 05:15:00,51
1478,1476,4,2024-02-01 22:18:00,8
1479,1477,4,2023-09-17 21:39:00,87
1480,1478,1,2024-02-21 15:38:00,2
1481,1479,2,2023-07-15 04:09:00,23
1482,1480,5,2023-08-17 16:32:00,56
1483,1481,4,2024-01-29 01:52:00,21
1484,1482,4,2023-10-04 05:22:00,59
1485,1483,4,2023-11-26 18:14:00,8
1486,1484,2,2024-01-14 08:40:00,60
1487,1485,2,2023-11-05 02:14:00,12
1488,1486,5,2023-11-07 01:55:00,26
1489,1487,3,2023-07-19 19:49:00,33
1490,1488,4,2024-03-10 12:28:00,83
1491,1489,3,2023-11-23 02:48:00,75
1492,1490,1,2024-03-29 15:59:00,99
1493,1491,1,2023-09-04 11:33:00,99
1494,1492,3,2023-07-27 22:10:00,22
1495,1493,1,2023-12-03 12:53:00,36
1496,1494,4,2024-02-24 03:16:00,92
1497,1495,4,2024-01-23 08:12:00,3
1498,1496,4,2023-06-27 05:24:00,39
1499,1497,4,2023-08-28 17:04:00,3
1500,1498,3,2023-08-29 21:44:00,22
1501,1499,4,2023-07-31 06:22:00,76
1502,1500,1,2023-11-21 13:01:00,63
1503,1501,5,2023-10-27 00:31:00,19
1504,1502,3,2023-06-11 18:32:00,73
1505,1503,4,2024-03-22 19:55:00,87
1506,1504,4,2024-03-16 04:43:00,98
1507,1505,4,2023-10-30 08:18:00,21
1508,1506,4,2023-05-03 23:48:00,8
1509,1507,5,2023-09-20 16:54:00,86
1510,1508,3,2024-01-26 20:59:00,81
1511,1509,5,2024-03-13 02:15:00,56
1512,1510,1,2023-05-30 00:14:00,53
1513,1511,5,2024-04-14 13:53:00,52
1514,1512,1,2023-05-11 23:19:00,64
1515,1513,2,2024-04-11 11:05:00,54
1516,1514,1,2023-04-21 17:48:00,15
1517,1515,4,2023-07-31 16:15:00,18
1518,1516,2,2024-03-02 06:08:00,28
1519,1517,3,2023-04-18 19:10:00,42
1520,1518,5,2023-12-03 16:34:00,50
1521,1519,5,2023-10-01 15:36:00,97
1522,1520,1,2023-08-15 17:39:00,90
1523,1521,2,2024-03-02 04:16:00,85
1524,1522,4,2023-09-03 07:54:00,87
1525,1523,3,2024-03-06 04:47:00,55
1526,1524,1,2024-01-05 03:09:00,15
1527,1525,2,2023-06-03 10:14:00,60
1528,1526,5,2023-07-05 11:49:00,94
1529,1527,5,2023-05-02 23:06:00,45
1530,1528,3,2023-08-22 00:36:00,62
1531,1529,4,2024-02-18 12:43:00,98
1532,1530,4,2023-07-31 13:59:00,92
1533,1531,3,2023-05-27 14:33:00,42
1534,1532,2,2023-05-18 02:07:00,70
1535,1533,1,2024-01-25 20:06:00,69
1536,1534,5,2023-10-09 22:13:00,45
1537,1535,3,2023-07-31 04:31:00,78
1538,1536,3,2023-06-03 18:54:00,42
1539,1537,5,2024-02-25 08:33:00,6
1540,1538,4,2023-12-25 18:27:00,41
1541,1539,4,2023-05-15 23:00:00,18
1542,1540,1,2024-04-08 10:23:00,64
1543,1541,3,2024-02-28 05:54:00,66
1544,1542,2,2023-08-01 19:07:00,79
1545,1543,4,2023-10-05 04:51:00,41
1546,1544,5,2023-09-01 21:37:00,50
1547,1545,2,2024-03-24 19:39:00,54
1548,1546,1,2023-07-21 12:10:00,77
1549,1547,1,2024-04-14 12:17:00,71
1550,1548,5,2024-01-28 13:08:00,26
1551,1549,1,2024-01-23 06:22:00,14
1552,1550,2,2023-11-03 13:40:00,70
1553,1551,5,2023-10-03 01:52:00,68
1554,1552,3,2023-11-10 16:16:00,62
1555,1553,4,2024-01-03 21:28:00,82
1556,1554,2,2023-06-16 16:32:00,34
1557,1555,4,2023-04-25 06:30:00,41
1558,1556,5,2023-12-05 02:57:00,97
1559,1557,1,2023-06-10 17:23:00,69
1560,1558,3,2023-08-21 08:35:00,75
1561,1559,5,2023-10-16 14:59:00,27
1562,1560,2,2023-05-01 10:55:00,79
1563,1561,4,2023-07-08 09:38:00,3
1564,1562,3,2023-05-19 00:32:00,37
1565,1563,5,2024-01-22 04:01:00,6
1566,1564,4,2023-12-12 21:06:00,82
1567,1565,4,2023-09-05 15:51:00,3
1568,1566,1,2023-07-21 10:42:00,71
1569,1567,1,2023-10-14 22:43:00,77
1570,1568,4,2024-04-01 20:28:00,98
1571,1569,5,2023-09-05 05:25:00,4
1572,1570,2,2023-08-22 14:30:00,23
1573,1571,2,2024-02-04 07:46:00,60
1574,1572,4,2023-11-28 10:28:00,18
1575,1573,2,2024-03-14 11:27:00,79
1576,1574,1,2024-01-05 04:46:00,9
1577,1575,2,2023-05-13 14:33:00,7
1578,1576,2,2023-11-12 06:53:00,85
1579,1577,1,2023-08-10 06:52:00,90
1580,1578,3,2023-10-17 20:57:00,40
1581,1579,3,2023-05-03 21:22:00,81
1582,1580,2,2024-03-17 14:25:00,70
1583,1581,2,2024-03-21 20:33:00,70
1584,1582,3,2023-10-07 20:30:00,80
1585,1583,2,2023-04-28 22:34:00,60
1586,1584,5,2023-09-24 15:32:00,68
1587,1585,2,2023-11-16 10:58:00,61
1588,1586,2,2023-07-09 10:55:00,28
1589,1587,3,2023-07-13 04:23:00,65
1590,1588,1,2023-05-12 14:56:00,63
1591,1589,5,2023-07-31 02:38:00,16
1592,1590,3,2024-03-18 04:49:00,49
1593,1591,2,2023-07-31 12:39:00,28
1594,1592,4,2023-08-22 09:25:00,41
1595,1593,2,2023-09-25 18:48:00,12
1596,1594,1,2023-05-18 14:00:00,36
1597,1595,1,2024-01-01 19:07:00,38
1598,1596,4,2023-12-20 00:10:00,8
1599,1597,4,2023-10-22 13:06:00,87
1600,1598,2,2023-06-29 18:01:00,28
1601,1599,1,2024-03-02 01:39:00,99
1602,1600,4,2023-05-04 21:42:00,39
1603,1601,3,2023-12-14 21:33:00,66
1604,1602,4,2023-09-04 13:27:00,83
1605,1603,5,2023-06-15 17:47:00,4
1606,1604,1,2023-07-03 00:36:00,53
1607,1605,1,2023-12-25 10:23:00,90
1608,1606,4,2023-08-01 08:37:00,18
1609,1607,5,2023-11-24 15:35:00,19
1610,1608,4,2024-04-05 19:25:00,21
1611,1609,4,2023-05-30 13:01:00,29
1612,1610,5,2023-10-06 13:16:00,26
1613,1611,4,2024-01-04 06:38:00,8
1614,1612,2,2023-08-24 16:55:00,54
1615,1613,2,2024-01-05 10:57:00,61
1616,1614,4,2023-09-08 16:30:00,39
1617,1615,5,2023-07-19 06:27:00,30
1618,1616,2,2023-11-20 20:06:00,93
1619,1617,1,2024-02-27 08:11:00,36
1620,1618,2,2023-06-24 03:09:00,31
1621,1619,1,2023-11-28 22:07:00,69
1622,1620,5,2023-05-14 05:00:00,27
1623,1621,4,2023-09-16 09:40:00,8
1624,1622,2,2024-03-02 15:05:00,34
1625,1605,5,2023-11-28 17:12:00,26
1626,1623,1,2024-03-21 09:24:00,46
1627,1624,5,2024-01-25 19:20:00,52
1628,1625,1,2023-08-14 04:03:00,69
1629,1626,4,2023-05-25 07:58:00,59
1630,1627,5,2024-02-16 02:28:00,16
1631,1628,5,2024-01-19 17:31:00,52
1632,1629,3,2023-08-20 09:19:00,42
1633,1630,2,2023-11-09 14:10:00,79
1634,1631,4,2023-06-25 14:51:00,21
1635,1632,3,2023-07-17 10:20:00,72
1636,1633,5,2023-08-09 17:22:00,5
1637,1634,1,2024-03-17 13:25:00,58
1638,1635,4,2024-03-27 05:00:00,21
1639,1636,5,2023-04-19 21:13:00,86
1640,1637,5,2023-08-06 22:55:00,11
1641,1638,4,2023-10-02 23:11:00,87
1642,1639,2,2024-04-01 08:25:00,85
1643,1640,3,2023-07-29 10:03:00,51
1644,1641,2,2023-12-03 01:40:00,79
1645,1642,3,2023-05-27 13:28:00,75
1646,1643,2,2023-10-10 12:09:00,23
1647,1644,4,2023-05-16 07:54:00,18
1648,1645,3,2023-05-20 14:07:00,65
1649,1646,4,2023-08-01 14:16:00,39
1650,1647,3,2024-03-28 03:00:00,75
1651,1648,5,2024-03-07 21:17:00,26
1652,1649,3,2023-07-02 11:03:00,72
1653,1650,5,2023-07-16 05:35:00,97
1654,1651,4,2023-09-16 16:01:00,29
1655,1652,3,2023-05-28 12:46:00,78
1656,1653,5,2023-12-17 19:54:00,86
1657,1654,3,2023-07-10 07:41:00,13
1658,1655,5,2024-04-08 13:36:00,68
1659,1656,4,2024-02-13 18:31:00,29
1660,1657,2,2023-11-10 01:43:00,85
1661,1658,5,2024-01-12 13:12:00,86
1662,1659,1,2023-07-08 22:14:00,14
1663,1660,4,2023-12-09 02:38:00,98
1664,1661,3,2024-02-05 23:18:00,78
1665,1662,5,2023-06-02 03:51:00,74
1666,1663,4,2023-09-01 04:46:00,29
1667,1664,3,2023-09-30 10:21:00,65
1668,1665,4,2023-06-03 23:48:00,82
1669,1666,1,2024-02-27 01:30:00,15
1670,1667,5,2023-11-08 15:36:00,27
1671,1668,4,2023-10-22 06:31:00,21
1672,1669,1,2023-05-17 19:38:00,90
1673,387,5,2023-12-11 05:34:00,52
1674,1670,2,2023-11-02 22:05:00,31
1675,1671,5,2023-10-06 14:43:00,68
1676,1672,1,2023-05-19 12:07:00,69
1677,1673,1,2023-10-02 06:29:00,77
1678,1674,3,2023-05-31 18:27:00,78
1679,1675,2,2023-07-17 08:22:00,85
1680,1676,3,2023-12-31 15:08:00,81
1681,1677,5,2023-08-02 03:05:00,94
1682,1678,2,2023-09-30 12:34:00,23
1683,1679,5,2024-02-23 06:03:00,86
1684,1680,5,2023-04-29 11:36:00,100
1685,1681,2,2024-02-27 21:29:00,28
1686,1682,3,2023-06-07 06:09:00,80
1687,1683,4,2023-06-28 21:25:00,35
1688,1684,2,2024-01-01 01:26:00,34
1689,1685,5,2023-05-31 01:20:00,97
1690,1686,1,2023-10-24 19:41:00,9
1691,1687,4,2023-08-24 18:35:00,17
1692,1688,5,2024-03-24 07:18:00,94
1693,1689,3,2024-01-05 21:27:00,62
1694,1690,4,2024-01-05 12:26:00,29
1695,1691,1,2023-11-20 06:29:00,43
1696,1692,2,2023-12-17 07:22:00,34
1697,1693,3,2023-11-09 13:26:00,51
1698,1694,5,2023-08-09 11:39:00,4
1699,1695,4,2024-02-20 01:40:00,59
1700,1696,3,2024-01-19 11:51:00,81
1701,1697,1,2023-11-15 18:35:00,67
1702,1698,1,2024-04-08 00:31:00,43
1703,1699,1,2023-10-29 10:09:00,89
1704,1700,5,2024-03-19 01:47:00,19
1705,1701,4,2023-05-13 06:18:00,87
1706,1702,4,2023-07-17 16:53:00,83
1707,1703,1,2023-06-14 15:02:00,63
1708,1704,3,2023-08-11 02:54:00,37
1709,573,1,2023-05-30 04:00:00,63
1710,1705,1,2023-11-23 08:57:00,90
1711,1706,3,2024-02-19 11:25:00,78
1712,1707,5,2023-05-07 06:26:00,6
1713,1708,2,2023-07-29 19:49:00,70
1714,1709,3,2023-10-13 16:28:00,57
1715,1710,1,2023-12-31 04:01:00,43
1716,1711,2,2023-12-18 20:04:00,34
1717,1712,5,2023-10-21 07:50:00,45
1718,1713,2,2024-03-04 00:22:00,23
1719,1714,5,2023-05-29 15:40:00,5
1720,1715,5,2023-11-19 21:13:00,32
1721,1716,2,2023-07-02 01:27:00,70
1722,1717,1,2024-02-13 03:40:00,69
1723,1718,5,2023-08-19 22:00:00,24
1724,1719,1,2023-07-16 07:33:00,14
1725,1720,4,2023-12-30 11:18:00,92
1726,1721,3,2024-03-12 13:05:00,40
1727,1722,5,2024-01-13 17:48:00,16
1728,1723,1,2023-05-21 19:41:00,53
1729,1724,3,2023-05-04 22:01:00,81
1730,1725,1,2024-04-11 23:49:00,38
1731,1726,1,2023-05-10 05:46:00,36
1732,1727,4,2023-12-23 09:10:00,83
1733,1728,4,2023-07-28 00:05:00,29
1734,1729,1,2023-09-24 22:32:00,9
1735,1730,5,2024-01-20 17:02:00,19
1736,1731,5,2023-11-01 13:44:00,95
1737,1732,2,2023-07-28 20:42:00,23
1738,1733,2,2023-11-21 11:54:00,23
1739,1734,3,2024-01-14 08:13:00,40
1740,1735,3,2023-08-22 01:27:00,80
1741,1736,4,2023-08-05 19:15:00,76
1742,1737,5,2023-08-23 04:37:00,32
1743,1738,4,2023-04-16 15:43:00,92
1744,1739,1,2023-07-17 23:02:00,64
1745,1740,5,2024-02-01 17:57:00,24
1746,1741,1,2023-08-23 12:29:00,53
1747,1742,4,2023-11-19 11:50:00,76
1748,1743,2,2023-10-01 03:17:00,34
1749,1744,1,2023-05-25 05:59:00,15
1750,1745,2,2023-10-09 01:53:00,28
1751,1746,1,2024-04-11 20:15:00,67
1752,1747,1,2023-07-20 15:19:00,90
1753,1748,4,2023-04-22 23:12:00,35
1754,1749,4,2023-08-25 17:41:00,21
1755,1750,2,2023-07-27 01:13:00,54
1756,1751,5,2023-09-11 21:23:00,56
1757,1752,2,2023-04-24 20:52:00,23
1758,1753,5,2023-07-14 15:18:00,100
1759,1754,1,2024-02-12 10:41:00,89
1760,1755,4,2023-09-09 07:40:00,10
1761,1756,4,2024-03-25 11:35:00,98
1762,1757,1,2023-05-13 16:07:00,38
1763,1758,4,2023-10-11 07:57:00,39
1764,1759,3,2023-12-09 17:48:00,80
1765,1760,2,2023-07-02 12:56:00,85
1766,1761,1,2023-05-15 19:16:00,14
1767,1762,1,2023-05-17 21:29:00,43
1768,1763,3,2024-03-07 07:55:00,80
1769,1764,1,2024-03-05 15:11:00,58
1770,1765,1,2023-10-07 21:26:00,43
1771,1766,2,2023-12-20 08:51:00,79
1772,1767,1,2023-12-22 05:05:00,9
1773,1768,5,2023-11-12 03:04:00,16
1774,1769,4,2023-11-12 19:46:00,98
1775,1770,4,2023-06-30 09:00:00,59
1776,1771,1,2023-12-05 16:15:00,14
1777,1772,5,2023-07-02 18:11:00,45
1778,1773,1,2024-03-26 14:06:00,58
1779,1774,4,2023-08-30 03:15:00,35
1780,1775,1,2024-01-02 18:47:00,9
1781,1776,4,2023-06-13 08:47:00,8
1782,1777,4,2023-06-15 03:52:00,59
1783,1778,1,2023-06-18 02:07:00,53
1784,1004,2,2023-10-19 06:14:00,31
1785,1779,2,2024-01-16 21:14:00,28
1786,1780,3,2023-06-09 14:20:00,80
1787,1781,2,2023-08-10 17:45:00,70
1788,1782,2,2024-01-21 13:51:00,28
1789,1783,2,2023-10-25 12:00:00,12
1790,1784,2,2023-11-07 21:04:00,85
1791,1785,3,2023-05-27 16:57:00,73
1792,1786,3,2023-06-16 12:29:00,57
1793,1787,4,2023-07-07 03:35:00,29
1794,1788,5,2024-03-15 22:30:00,11
1795,1789,1,2023-10-03 08:07:00,64
1796,1790,3,2024-03-07 23:51:00,37
1797,1791,3,2023-07-22 19:00:00,80
1798,1792,4,2023-07-18 02:33:00,83
1799,1793,3,2024-01-14 17:38:00,49
1800,1794,1,2023-05-23 11:14:00,89
1801,1795,2,2024-03-24 16:15:00,79
1802,1796,1,2023-11-14 12:49:00,71
1803,1797,1,2023-12-14 07:05:00,71
1804,1798,1,2024-01-24 05:36:00,67
1805,1799,4,2023-08-13 21:14:00,21
1806,1800,3,2024-03-12 12:37:00,57
1807,1801,4,2023-07-26 23:22:00,29
1808,1802,1,2023-05-05 18:16:00,89
1809,1803,2,2024-02-23 02:05:00,54
1810,1804,1,2023-12-01 06:14:00,53
1811,1805,5,2023-05-24 05:27:00,86
1812,1806,1,2023-08-14 13:25:00,14
1813,1807,3,2023-12-29 23:19:00,33
1814,1808,1,2024-04-13 18:44:00,53
1815,1809,3,2023-07-27 20:12:00,75
1816,1810,3,2023-05-20 18:03:00,62
1817,1811,3,2023-11-11 06:04:00,73
1818,1812,3,2023-05-10 22:55:00,20
1819,1813,1,2024-01-09 23:34:00,89
1820,1814,4,2023-09-26 04:43:00,10
1821,1815,5,2023-10-06 19:26:00,45
1822,1816,3,2023-09-08 08:19:00,22
1823,1817,3,2023-07-29 00:01:00,13
1824,1818,2,2023-11-21 16:35:00,60
1825,1819,5,2023-05-04 00:29:00,11
1826,1820,4,2023-07-08 16:56:00,17
1827,1821,4,2023-12-14 02:55:00,39
1828,1822,5,2023-08-16 21:48:00,27
1829,1823,3,2023-05-30 03:26:00,75
1830,1824,1,2024-02-17 01:05:00,43
1831,1825,2,2024-04-11 19:28:00,54
1832,1826,1,2024-02-03 00:45:00,89
1833,1827,4,2023-10-22 04:58:00,39
1834,1828,5,2024-01-22 18:51:00,19
1835,1829,4,2023-12-19 13:16:00,82
1836,1830,3,2023-07-02 19:42:00,22
1837,1831,3,2024-01-11 11:23:00,88
1838,1832,3,2024-03-19 06:30:00,47
1839,1833,3,2023-12-22 15:18:00,20
1840,1834,5,2023-08-07 06:26:00,27
1841,1835,2,2023-09-08 13:59:00,23
1842,1836,5,2023-12-09 14:40:00,11
1843,1837,1,2023-11-27 20:44:00,67
1844,1838,4,2023-07-02 00:54:00,84
1845,1839,5,2023-06-30 01:01:00,32
1846,1840,2,2023-07-10 20:54:00,7
1847,1841,2,2024-03-31 10:55:00,34
1848,1842,3,2023-07-07 19:15:00,81
1849,1843,3,2023-07-22 05:01:00,42
1850,1844,5,2023-10-02 06:11:00,95
1851,1845,3,2023-08-23 19:11:00,73
1852,1846,2,2023-04-22 18:10:00,25
1853,1847,2,2023-12-04 17:23:00,85
1854,1848,1,2024-04-10 06:15:00,36
1855,1849,2,2024-02-24 14:04:00,79
1856,1850,2,2023-12-20 22:13:00,70
1857,1851,4,2023-09-16 09:39:00,87
1858,1852,5,2023-08-28 00:55:00,52
1859,1853,4,2023-11-02 02:45:00,10
1860,1854,4,2023-11-13 12:13:00,10
1861,1855,3,2023-09-26 17:34:00,1
1862,1856,3,2023-11-13 10:38:00,47
1863,1857,1,2023-07-11 09:26:00,63
1864,1858,3,2023-09-12 11:07:00,80
1865,1859,2,2023-06-27 00:47:00,12
1866,1860,4,2023-08-28 20:20:00,18
1867,1861,5,2023-04-28 15:11:00,5
1868,1862,2,2023-07-22 05:36:00,85
1869,1863,4,2023-11-15 19:04:00,76
1870,513,1,2024-03-25 17:30:00,69
1871,1864,3,2023-07-07 02:03:00,66
1872,1865,3,2024-02-10 12:42:00,49
1873,1866,1,2023-11-17 18:34:00,15
1874,1867,4,2023-11-26 07:58:00,59
1875,1868,2,2023-11-15 17:40:00,85
1876,1869,4,2023-09-11 11:17:00,21
1877,1870,1,2023-09-29 01:38:00,90
1878,1871,1,2023-10-10 18:24:00,99
1879,1872,5,2024-04-14 06:32:00,19
1880,1873,1,2023-06-20 21:02:00,38
1881,1874,3,2023-11-10 12:24:00,49
1882,1875,3,2024-03-22 12:50:00,47
1883,1876,5,2023-07-01 09:05:00,74
1884,1877,3,2023-11-17 10:45:00,65
1885,1878,3,2023-06-05 08:50:00,47
1886,1879,4,2023-05-10 17:18:00,87
1887,1880,3,2024-01-06 01:39:00,73
1888,1881,3,2024-03-18 01:36:00,37
1889,1882,2,2023-07-15 06:12:00,23
1890,1883,5,2023-07-26 18:58:00,11
1891,1884,3,2023-05-07 11:55:00,88
1892,1885,3,2023-07-06 10:02:00,65
1893,1886,3,2023-10-13 06:01:00,47
1894,1887,1,2023-07-18 09:16:00,89
1895,1888,4,2023-08-11 16:50:00,29
1896,1889,4,2024-03-16 09:28:00,98
1897,1890,1,2023-05-09 22:37:00,69
1898,1891,3,2024-02-28 06:04:00,65
1899,1892,2,2023-05-29 23:10:00,25
1900,1893,3,2023-12-23 03:27:00,80
1901,1894,3,2023-10-25 19:09:00,88
1902,1895,5,2023-08-16 09:04:00,4
1903,1896,1,2024-03-04 17:16:00,46
1904,1897,1,2024-01-13 04:34:00,90
1905,1898,3,2023-11-06 00:27:00,51
1906,1899,4,2023-05-24 00:11:00,3
1907,1900,5,2023-12-22 07:48:00,97
1908,1901,3,2023-06-15 08:54:00,80
1909,1902,4,2023-08-24 03:18:00,18
1910,1903,5,2023-08-25 04:49:00,16
1911,1904,5,2024-02-07 19:04:00,4
1912,1905,1,2023-04-22 09:50:00,63
1913,1906,2,2024-01-12 21:19:00,34
1914,1907,3,2023-04-23 07:01:00,57
1915,1908,1,2024-03-26 04:40:00,89
1916,1909,4,2024-01-04 01:01:00,87
1917,1910,1,2023-12-28 12:10:00,89
1918,1911,4,2024-02-12 20:48:00,83
1919,1912,2,2024-03-24 20:39:00,91
1920,1913,1,2023-07-08 03:32:00,46
1921,1914,4,2023-07-09 12:55:00,41
1922,1915,1,2023-07-26 11:38:00,2
1923,1916,2,2023-12-29 11:29:00,48
1924,1917,5,2023-10-11 03:17:00,68
1925,1918,1,2023-04-25 15:19:00,69
1926,1919,3,2023-04-22 16:00:00,62
1927,1920,1,2024-02-26 02:24:00,67
1928,1921,1,2024-02-14 08:58:00,64
1929,1922,4,2024-03-11 04:50:00,10
1930,1923,5,2023-09-07 21:40:00,6
1931,1924,2,2024-02-23 19:31:00,34
1932,1925,1,2023-07-12 14:26:00,15
1933,1926,1,2023-09-22 20:20:00,38
1934,1927,1,2023-04-22 15:06:00,9
1935,1928,5,2023-10-23 21:39:00,97
1936,1929,3,2023-05-14 15:02:00,20
1937,1930,2,2024-04-03 11:48:00,91
1938,1931,1,2024-01-13 23:01:00,38
1939,1932,4,2023-12-03 18:53:00,3
1940,1933,2,2023-11-12 01:50:00,34
1941,1934,5,2023-07-05 14:06:00,97
1942,1935,2,2023-10-19 12:56:00,91
1943,1936,1,2024-02-07 21:25:00,69
1944,1937,3,2023-09-06 19:35:00,57
1945,1938,2,2023-12-16 10:32:00,48
1946,1939,2,2023-09-22 14:17:00,85
1947,1940,4,2024-04-10 10:29:00,98
1948,1941,3,2023-11-06 18:46:00,40
1949,1942,2,2023-07-09 21:50:00,12
1950,1943,5,2023-05-21 18:58:00,16
1951,1944,4,2023-07-19 03:30:00,29
1952,1945,3,2023-09-10 02:59:00,42
1953,1946,2,2023-12-24 01:37:00,54
1954,1947,2,2024-04-11 16:45:00,25
1955,1948,1,2024-03-16 19:28:00,90
1956,1949,2,2023-08-10 21:31:00,70
1957,1950,4,2024-01-27 10:10:00,29
1958,1951,2,2024-03-26 16:57:00,48
1959,1952,4,2024-03-29 13:15:00,84
1960,1953,4,2023-06-29 22:46:00,59
1961,1954,5,2023-07-30 10:59:00,94
1962,1955,5,2023-06-19 09:51:00,11
1963,1956,2,2024-01-31 19:52:00,31
1964,1957,3,2023-11-21 01:26:00,33
1965,1958,1,2024-04-07 08:47:00,99
1966,1959,3,2023-08-01 17:57:00,88
1967,1960,1,2023-06-16 06:58:00,69
1968,1961,1,2024-02-03 02:47:00,90
1969,1962,1,2023-04-26 20:24:00,58
1970,1963,5,2024-03-16 09:40:00,11
1971,1964,3,2023-07-20 17:15:00,80
1972,1965,5,2023-07-27 18:48:00,26
1973,1966,3,2024-04-08 07:25:00,47
1974,1967,3,2023-06-12 01:24:00,88
1975,1968,2,2024-01-26 17:55:00,12
1976,1969,4,2024-02-29 16:44:00,41
1977,1970,3,2023-11-03 11:01:00,73
1978,1971,1,2023-12-22 12:48:00,43
1979,1972,3,2023-09-05 15:17:00,40
1980,1973,5,2023-04-30 20:24:00,45
1981,1974,4,2023-10-16 12:56:00,41
1982,1975,1,2023-04-15 20:27:00,67
1983,1976,3,2023-08-22 00:15:00,55
1984,1977,2,2024-03-15 16:13:00,60
1985,1978,3,2024-02-25 10:43:00,47
1986,1979,1,2023-11-12 01:31:00,9
1987,1980,4,2023-06-21 20:19:00,8
1988,1981,4,2023-06-25 11:49:00,3
1989,1982,4,2023-08-18 09:40:00,17
1990,1983,5,2023-06-25 10:46:00,5
1991,1984,3,2023-07-26 17:12:00,66
1992,1985,4,2023-12-25 22:34:00,92
1993,1986,2,2023-12-29 00:55:00,34
1994,1987,4,2023-05-04 09:42:00,10
1995,1988,5,2023-09-15 08:21:00,96
1996,1989,3,2023-12-28 19:12:00,33
1997,1990,3,2023-11-28 06:26:00,57
1998,1991,3,2023-09-08 19:57:00,47
1999,1992,1,2023-12-14 06:04:00,14
2000,1993,3,2023-09-28 13:35:00,13
