store_id,order_id
5,140ead02-1500-4660-897e-8773e7c34a6f
5,849766ff-6b13-4de9-8169-e3cfb6832bbe
3,4f83ccd2-5dad-4420-89c2-8365a60846d4
3,1fcd017d-8cdb-4901-b874-39e43b3bbb0b
3,a088b206-5765-4a0d-b384-1ed9dc274246
5,0cbbbc5b-b146-4449-83e2-f7e3b2adcbd7
4,cd963182-f3de-464d-87a1-6cbaa08a6be5
1,f6c6e797-4799-4dda-aca1-1e39377a6ba2
4,85911ba6-8f8d-4336-bbbc-b9ff3181d608
1,53c95ac8-d16a-46b1-a66b-a0d52c4c34ad
3,76819cd7-29f5-4432-9353-4db841bd3b4a
1,7d643604-9f8a-45a0-935f-1a2f4bd49a7d
2,97fcf51d-e661-4847-9e8b-c56c18d1e28d
2,f5050e82-9242-4e06-8e66-182429448018
1,02296da9-4abf-4be5-af59-0e44e5a4ad82
5,c784b6b6-a242-467b-98ca-3b87aede7441
1,1bf8278a-7398-42b8-9dbf-d41580a9c250
2,dd76b9cd-6928-4ded-b590-dd929fedb155
3,e51dd881-85af-4224-8b41-82b828a9a729
5,42a4de1f-e58a-439d-93cb-caddbae19482
4,798bdca3-37e7-46f3-8c44-97142715c478
4,f45be451-38c3-48a2-aa26-907a3c4a266b
3,605542e6-6b5f-4c13-bfff-8cfde22e6bcb
3,92c90d4e-a614-4d20-a356-0dd01653d440
4,2f94d132-8b5e-48cf-9594-dcab81892367
5,5456d1a6-6018-4295-adee-547da69bbe53
3,2fb6d849-864a-413b-b225-4738ef1daf35
1,0e0c3dbb-709b-4ba8-aee0-8b840bd51fb1
1,0bd1f431-bbdf-4520-9be6-55ff3680922c
4,d05e5f7c-4416-4199-a36d-ff26e21a940d
1,e901fbf8-8484-4fc6-bdcc-1a3b8f962963
1,f86e88b6-4b00-45cb-9be7-fdb4f02fa671
5,9fcd72ea-1b46-4ae3-ae05-430ed49903b8
2,46e4ce12-38e0-4f02-b015-873942708613
1,604fed1e-bd10-4375-b03c-230e88a656ff
5,fd2393f2-22bf-481d-94ab-bcbbf15477a9
3,63981b19-c4d4-465f-b59f-8abd146ae034
3,0dc3449a-b648-4692-8e21-926d7113fce3
4,079d7067-deb3-4714-88d5-5280e1250744
4,e7cd73a8-fe4e-4b1c-84f2-ec3ce675bad3
1,ee558070-73e8-4389-a309-34b57a6d60a7
2,44091a62-6ad5-423e-ad65-1ed228954b12
2,c6840aac-eea3-4bbe-89e3-58b9d99312a6
5,b93b0e95-3a27-4ebf-b2b9-1c8c7b9c8e1e
3,73f89943-1f1d-4b33-a05e-d0a8b77aad51
3,64c176ba-c0bd-4470-8f02-990a8279e580
1,c3cca992-7761-42f4-93dc-41e1eef10759
3,5d1a3749-0923-4193-a715-e484065b10f5
5,c8f0d4aa-ccf5-4ac0-a41d-78cfcc1d6e81
3,534ed7b3-85cf-446c-9c91-61bff63b1678
5,71641c31-522b-49c2-8772-e3885c52d1a5
2,9cea7159-4604-4848-bb0c-4f11fa8a14be
5,7f58cf98-a240-4298-a98f-930b740e9fdc
1,0eef8142-fadf-49cd-8a0d-d75bc474e863
5,524c71fe-d9c6-4cf0-a612-3ceae62194b3
1,32606fa8-c17d-40d8-97b2-7e491a3bcab9
5,bda227ca-1a51-49de-8cee-b6fa43dc0f28
2,22fa054a-cd1a-4f17-a2be-d8594d4290ed
1,04dc9d59-f7b6-4325-8975-d52c16e69386
4,bdeed8a2-1b28-4cef-bd0d-be19985f1a87
4,e15aa185-b55a-446e-a0db-02973ceb2e0a
1,99d5c296-029c-4488-bce9-072413eeec9c
3,3a58dd71-651f-4410-a1dd-97ca7228a7ac
3,57a9d31b-55d6-45cd-a01f-c5bbb8809330
3,30f786d7-216c-4c34-9bfb-da3d5cbe616b
1,59dca95f-d696-4e70-9ecf-08481dca53e1
2,159b886e-6f74-4557-be2f-a40c7f0a42d5
4,d68e5272-1da4-4087-a3ad-4a0ef6a52a2a
2,0278a289-ab6f-4baa-a0b4-d4f85ea820a8
2,bdc38e54-5123-4db3-aff0-0a0138af6cfd
5,2feacda4-c2c5-41a9-aa07-9ecae5ac8540
5,82bef6b9-5dae-44ae-9635-0a844e00bbfb
4,7811ebf7-0fc5-4bde-8278-08d11fb4e146
4,4ce90b8e-cae1-4055-8913-1bf554ea9e88
5,2d2944ee-c48d-46f9-8261-cd2a18b23f44
1,b8460706-3267-4d19-ad62-f79292de282c
4,7acedbe2-ec9a-48dd-945c-ae2a4261545a
1,6c1fb71a-7d62-449d-b543-684833c23d8d
1,f47c70b6-3fa9-4088-b9d7-58a484c7e619
3,b053d1db-ea45-4f6f-b645-59e9c025746f
3,b3de671b-4724-47c0-9ad9-263a48a30f94
5,60f8a7f8-a9bb-42c8-b692-bccc4233c287
1,93bbf7ed-43fd-460a-967e-0c9e63f2350b
2,6bebe419-387f-4f2d-ab34-b49fc8340de6
4,133bc6b4-1383-46a0-8435-873f41489bb0
2,5a5d5e8a-0a00-4b62-86df-93246b5c8352
1,f6b71501-09fa-4460-a94e-677d7c2ec2dc
3,f470324f-4beb-4871-a03b-a0e37fb3e6b3
5,ba580558-2a72-4334-99fd-69b58f04c181
5,3d944aab-c6cd-4894-8f07-ed0382c0b712
2,1e03df81-3963-4879-8946-a44c5b410d66
4,2837c633-312c-4485-99bb-5d0b39d1749a
3,06caa24e-d5c7-43ff-bace-2c51a2399087
4,9d17646d-5c38-4bc1-a197-9ade063ffc52
4,79843c38-1c96-42b2-9e39-41bac1ea9172
3,795ad310-604a-42f0-8dbd-4e438f83043a
3,16679769-925d-46f6-b31f-cad1e43bcf22
4,aec3f868-57bf-49d6-90f7-ab909664bd3b
3,a653f906-162b-49bd-b8c8-282be8463ce5
5,fa4def16-e181-452d-8d2e-5ccf8139f465
5,12d53a0a-99eb-4979-9e71-8011c477add5
4,0c853561-1a54-4c18-a2c8-b58a71032155
3,ba7a976b-db1e-45b5-9b8b-e5bda2aa6b5e
5,797523c3-9cd1-4b21-805f-cbe3f379043c
4,6ab171e8-fbd4-4360-9d8b-4b22c2e7720a
3,2b4f9585-cedd-47bc-a62c-c3e5395b9d12
2,eb1b9efb-f578-4d65-a610-17f1493b9ac5
5,6eade91f-7cfc-4405-a976-953c9cd0b488
1,e56dc612-16dc-40bc-a526-4db3fbec452c
3,b81179fa-d403-48eb-80fc-2dcf6930839a
5,825f9b3e-c99b-4cfe-b11b-47070f25f4d8
1,8c366e58-7a53-4ee8-9ae7-ec5dd688f87f
1,a31372c2-4f49-425f-81e8-84a35bbacb33
3,e12d0e2b-1299-42e1-81e3-a9fcb4e5287e
2,5285ac40-cb0d-4b22-8c24-5c7d0f04ff58
1,5e67b041-df6c-4726-9394-d22fa7094c85
5,007a25bd-3558-484d-8085-3de65c747d86
5,a6878888-d16a-4b4c-acc1-9630c7a19b4e
4,ad45038c-e0a2-4f0a-9ac8-373554b33454
2,9cd73be4-6981-48b6-8734-2d13d6166973
5,48280256-2f67-4ee0-9f94-0f07187ccdec
2,e580597b-e58b-4e7f-b18d-949ac9e54da5
1,7d9b76e4-f26c-4e1a-899d-e3638c0bf03e
3,4d391dbc-1156-445b-b444-d37f36c7e5ae
4,1ef21ddd-3873-4ba7-9ca9-e5c368fd2a02
3,a70d63e6-4e8d-4ee5-9067-aec7c846ff8a
1,4696a491-141b-4e9b-ab2f-4362bb8266bd
3,3ae7b7ef-27b8-4df3-81bf-23b62c4009e6
2,cc016f19-e962-4366-8721-80d763578980
5,2e19d14f-c13d-469b-8a2c-93d97bfce53e
1,a1c504ff-0f6c-4c6e-a404-b81389eb4088
5,a705ac8c-4d21-487c-9bb4-644bc243cd3a
2,9fca833c-5c09-4175-bb6a-d619fe7561d4
2,13fa4702-895c-4851-bec7-adcd43c10e62
2,4eaee2c2-9ff8-4f78-bd81-8797dca71186
4,ceb5bb5d-8191-4e23-b75d-be6470aa2cc9
4,61dd1d68-5d55-4a19-9327-2732cad6e876
2,7e9c620a-29cd-4d91-a316-c46e48a3f894
5,af3f8bc5-93eb-4780-8c5d-f236d3204e27
2,f8ea8490-5faa-459b-8a1a-d98f92ca6807
4,da34d09f-efe8-40bd-bc8f-0fd201afc5f5
1,de87b696-3937-4897-96fc-faf01300dfab
3,3b01c0a8-4fde-4af4-8d22-428741668c6a
2,c623c2bf-5006-45b3-ac0a-623083db45ad
1,d414df53-131c-4d68-b71c-67437064e76d
3,568f37d5-3881-4126-b9e5-eb18aaf1e179
1,40d8c86d-9941-4ca7-9877-7f8260f2cec6
4,98b98876-c799-4671-9f78-03c9cf1771bb
5,8a41bd23-9cbb-411c-b81d-b849010cd096
3,45a960c5-d265-4774-86bb-a7b7b06f2d5f
1,b9ac60b5-5f74-4e07-9b8d-31e27134c7e4
5,4e6eb5be-5e78-4bb3-95ae-241c5c2b99f7
5,2b9dd6d1-e68c-4310-89c0-62bdfc2603a4
5,00c281c4-45fb-4dcd-8ead-994d76164dbc
5,c7707e0b-485e-4be5-8cc4-17754b9a2be2
5,8c5fcce2-5d12-4e74-8f7d-d5893ebd0f68
3,84a87221-59b5-4a6c-93e1-a153020175aa
1,5035a8a1-38ad-4e75-b14d-da1e7ec941c9
3,698062c7-4b21-4538-9dd5-ecf3bef12b8f
5,12f4ab99-3a30-4011-9781-0e25557fa475
3,91610314-f661-4fc0-867d-88d025c43628
4,b94eab13-d630-413a-9098-816e5f04d4c0
3,fb4d1105-79e6-499e-b2a1-c53e9d05ef2f
2,85bc23ee-4f48-4d3f-9a79-7a47eae1a921
1,83eb8e4b-30e7-446d-afc4-066b5ca423e5
5,31104814-bf9c-4230-b024-f4101d325806
5,eb04e789-7f76-4a5d-9897-79a91047f8d4
3,f64793fc-fc32-4df4-9994-cd7b6f766e17
1,005c3bf2-8995-4631-8c05-feeaaa9ab68e
5,fbe86f87-00d6-4816-8e28-8103abf61538
5,3413cd95-e6ad-4d6e-b370-f1eb47884958
1,3602a93f-a427-4990-967e-e141caba8875
4,1041d107-99db-40ad-ab5a-f6b0f5a3eedc
5,f12123bc-96f1-4de1-8703-1a8e14ccfb1e
4,50b67709-8340-4724-8579-554b9bed8b74
3,64cf70b9-689e-4c6f-86c6-f40cd4674e46
3,ce01dcb9-d8bc-46be-96f9-762797a574f3
3,67b3d822-66c9-4cf2-a00c-6a9d3b265b2a
2,4d089b65-9f42-43a6-925a-f17fa91f1edf
4,84278a4f-ea72-4804-b232-3caac9e7501c
5,33065de6-fd54-4045-ba76-b1ff1fd8d830
2,3c5b6cd6-758b-4921-9772-a894bff5bf56
5,c2922208-df05-4907-ba13-9598e2c2f568
4,f559948d-0c4e-4947-9aa9-2d6e91af6ad6
3,8f6901ca-fc5a-49bf-9171-f77c66d96d9f
3,0700bbdd-231e-4fe3-a48a-e3442fbc187c
4,76c614aa-f42a-423c-8eea-0dabd755aed3
4,f4108e25-db93-44d1-a0ae-6b20f5050022
2,f688e7d0-7456-4c37-aeed-665cfa931570
4,5f5ec533-aa45-4804-a3a0-d408ac76e760
1,30b3482b-f261-4e3f-b801-960854bf22cb
5,de5d6661-b388-45a1-aa09-9bd018a369e9
2,b85d6ba2-d456-479f-a74b-b321dacba435
2,45b1e1f7-1bd6-4607-a0ac-f107bc59943a
5,21cdf697-697e-4f89-a951-c642f980c816
4,9a0f4a17-28b2-4dac-b519-d15404e74034
4,a292d5c3-99a8-4d15-9192-82e4198a2822
2,1b8ce7d3-58e3-4225-b11e-40d28498b27c
5,c22ca8e0-2b33-4300-b18a-6b691920d05a
3,b19c9ac2-2f61-4d46-9c0c-477b2c594a22
4,a1018be8-c697-40ec-ba4b-8b7a16e16752
1,939200a5-8f91-4397-8fa3-1682dd65c40e
4,a5647d57-b1c5-4c9e-99a6-356a1d603632
1,cf1c72d1-100b-4f16-8a09-08779994f1bc
1,12d52e89-0bac-4a7e-811c-c62c6bddd316
3,2aafe00c-8e7c-47ec-b7af-34534e15b415
4,4ff65723-dca6-4820-a82e-9dbb1a5b8053
5,8a87cd7e-a61f-4ce7-bf2a-30159b602616
3,1eedf4d4-12f9-43a8-bc88-41061e093ff8
3,5ab0109a-3145-4b16-8e1a-534d81f95f46
3,34a25990-b773-499d-b9d2-dc6860a5816d
1,edc4ffd1-36c4-4c46-afbe-410a660cc7e8
1,d902e7e9-7c67-4e8d-aeb6-ff490e6e1cb1
5,3dd53e33-aeb6-448d-a6ae-13ad8f6ddc0c
1,36c2e42d-04b5-45fb-b755-ce50ec674301
4,7b832661-9602-4647-bcfb-795266e0107d
2,7a30d0f2-caa3-445a-aa4a-8cb7da431884
1,f819fd10-df60-4244-8db8-294eca8d8c70
5,98532c6d-d7f3-4267-9485-3b29329e1036
2,2ee44e5b-bad1-44da-88bb-98820fad69a5
4,5969a18a-ae6b-45a3-90c0-ba17f68ab141
1,612a26a1-36c8-41fd-bd48-e3a4d3c859ed
4,4baab036-e720-48b5-b8cb-97189cb1b107
5,487c7d44-9cc4-4bd5-9fb7-4fbec764c8a0
2,7f64a68b-ecb6-49c4-8fe2-e302c520c27d
5,f83be8ad-0fef-4274-9a92-624209e87fc8
4,71d2b98f-83b3-448a-834f-91c2ad86b946
1,55153353-ca87-4513-8990-e1bae42afa22
4,d6d5120a-1998-4b19-ab7b-65886ae257b4
4,f09a7b43-eef7-4ef7-8d91-ed665273417b
4,82669fd3-8045-4df4-af13-124011a300be
5,201650ff-0a26-4d8b-9865-ec0235439b65
4,dbc6e5fd-0da5-4acf-8a33-75aa85eff026
4,5967e676-671f-4716-8cf7-0395f7f9b286
3,0e1cb887-c90d-4b37-9025-1b38a7addc01
2,24740435-c49d-4ac5-94b4-12be80388a29
2,d219e6f0-d2cc-4c2b-a091-0b2a79070760
4,71c2560e-14dd-4cf4-af69-8ef71bf7084e
1,3b98b359-2373-4089-857a-ab8ba349f841
4,6df719be-e4fe-42c5-a884-2c206ec25482
1,7f345920-a75b-4a9c-b12f-730b7cdbb175
3,e5c7bb37-d2fe-4fa2-92c8-30f935c61285
5,ce462d1c-609b-459d-8039-8045aa5aa720
4,3b3d716e-b34f-41f0-8b02-bd70f4805b6c
5,5ad6bfb7-4629-4b96-b31d-6191d16ea3b3
1,d6b93298-899a-469d-ad50-7f38671638a8
5,b9810ea7-5372-473b-9e8c-f688ddcc506d
2,04aa73f3-090f-4313-af8b-dfb9604ca0e9
5,28b4fba5-9ce1-4423-91e8-385be675d351
3,1aec0577-9593-4e36-b237-928f42915a9d
4,700438ce-b0fa-4a62-b6ca-f2483b4920f0
1,35c11650-2bc1-4016-928c-fbcf41ba2ef5
2,0763c3a7-3a0d-44e6-892c-87d89b362f1c
5,c8fc4ca9-0f24-4627-9909-700b95356e14
3,7dc45a5b-c21f-4356-ad1c-0902347018be
2,ba053014-91c4-4afb-bcf6-bb8e09bda6f8
4,77cda7d3-c81b-444c-a78a-30e0a0f2ede5
3,6e1e76f9-2db0-4052-9bad-5fc558ee8e21
1,f43738f6-9760-442f-9f50-53d389c6edca
5,b9c976c0-0d73-4760-8ee5-84f0481119f9
4,6642432c-135d-4408-b14e-663d7c409e33
5,d50bd4b0-a94c-45d3-b29e-568944a825d0
3,f4ef5bf2-a6cb-41be-8df5-937854c7ff94
3,66f66e90-f1fb-4088-ab4f-65c3d8bd98bb
3,8b26ba13-87f4-4820-8cb7-cecae0933ba2
5,47ed4177-8f8c-4825-9a4a-e0b978089281
4,c558374e-c1d1-4f07-8fe5-f5cb54c220ce
2,3582bad6-4f43-4043-844b-217d13a334d2
2,10fa65fb-17c5-46bb-b7af-8d4dde2e6e8d
5,56248934-86d0-4f93-88fe-56d24434ef5f
5,12d02a2c-289d-4c73-860a-c1de9f7aabf5
4,6fb9a5ec-1b07-4ac0-8337-b3534e2a59e7
4,f7c37417-c788-4e96-b37b-a9d198269622
3,b16c8961-61fe-4d56-9f70-d174b00c4c83
2,5bae1d4a-8aae-4394-a123-7dc288bce241
3,286c5e71-2174-4614-b8e8-fb22c3f56f07
2,52ff14f7-19cc-4aa6-9b30-68e45191f7b6
1,c52836f9-8383-495e-b33a-c23832a68796
1,e3925cad-83c5-4182-85a0-a36c0d6198b9
1,bc60772a-e226-4e98-baa4-2f13a6adb50e
1,b0ba73bb-74fe-46eb-a9f7-ab592a752f3f
1,14d3a55e-728c-453a-a718-0ce648df5700
5,c989a7ad-de8e-4da9-b2e6-b61dbfee0c89
1,77a1ec7f-e644-489c-8cc9-801f5ad329a6
3,1cee7df1-71ff-4cfe-aad9-3f9ab2754702
4,1aa031a2-f864-4e58-a2ac-a9afeca98af2
4,c0b9e55d-f818-46b9-8281-85c4fb735abb
4,a3012874-3274-44fe-96aa-ebcc9fb83863
2,ba5af932-c673-481e-862b-ad19b54689e8
1,e6fece14-2237-46bf-8e29-b7b684b56d19
4,b6eea7e3-ce14-4a97-a152-84b079bd1179
3,827af646-97d8-4ac0-aaec-4d93817d8887
4,aacaa73b-73fa-4085-8e07-263c098eb28a
3,54071898-cf16-4290-b8be-16ec81197999
4,f9d2dbcc-93e8-4bd2-a2f1-e147aea251a2
5,fe2c43f4-6653-42e5-92c7-41ed5fc546f3
4,7ec66a47-d78a-472a-8a13-babbac37d0a6
4,76807003-daf0-4590-a5d6-7c0db72eb355
5,0abf0429-e58f-45fc-b99f-7dd7298b28cc
3,74c7bdae-c464-45e0-8642-98b76b243730
3,5d298d7a-a58a-486a-8e6e-7f3f0e45ebe3
5,3178dd05-9f7c-4631-8769-e0ff5eb07e20
4,55a98bbb-17e8-4feb-bbce-421e0ac2c1fc
5,5ac48956-3940-4323-b7ee-17319f58dd0b
5,d0c574f2-e1db-49bd-a4d2-4f22685e9bf7
4,4acfd356-d424-468f-8b7b-0da5662d3ef1
1,afb8cdb3-4e25-4901-9883-a0ad816c3d4b
3,65272fd5-bd9a-41b3-a07a-72e30cf8092e
4,05787fff-ef24-4001-8650-ad70b9d7e8a2
3,a76576c6-8a22-4b0f-8d4d-fbcc895a548d
4,e24737ce-bc65-4e7e-935b-21fd57edc17b
3,0fde1b1d-0f0e-4709-86b1-ef8f6e5de2bc
2,4abf026e-6fc3-438f-9679-f9e64750e812
2,3c2fad7b-be51-4aae-9f3c-13d0b37856d9
1,1d726d22-491e-4b61-a6b2-d97035b06f62
4,80c45ca5-6b2a-4ec3-a81b-155b36fe7a52
5,0b91e6c9-147b-48ea-a3a6-9a126cf58fe3
2,74028fd4-8977-4435-aaa9-7426b65f2968
5,414e14ce-da78-455f-bb02-2d73129bfe4f
5,7cb9ec63-542c-43ce-a51d-2a992c607c2e
3,0a40de1a-27d9-431a-9b88-d5c66dd39b7e
3,87ca3082-395a-4976-a7ed-ac55ee5e894e
4,d80d47d9-c6c4-4560-93ed-ad87b191a1e6
3,36ece524-557e-4511-90d6-5dd1517037db
4,3884efed-9d55-40b3-9b5b-6f546a3706a9
4,82a77928-566a-423c-92a6-2fc243623f04
3,cb6f2f77-b58c-4c4f-8fe6-d65096381164
1,6a40db3c-1a64-44c3-bf6b-14fa28e753b5
1,57ea07bd-3f3b-4d69-814d-4fa63ffba090
4,39806ab4-d09e-461a-8d5d-415c510f414d
1,8dc5be3a-37e6-4433-a378-1bdf7c5858a6
3,7a482368-4d66-41b4-b83b-35f4a0ad510e
4,e6c5fdc9-b757-4d76-809e-22b5c0d28ae3
5,2645ea58-1572-46bf-9f79-67ff3d7b6a9a
5,d5affe9a-8607-4425-9e99-1b5a204e2fca
3,df05cac2-f251-418a-9497-64afa360574a
3,35a2a0d9-f455-43e9-b8bf-3d95952c594a
4,a2ed55da-5f1a-4c57-a185-72bb4172ef77
1,10576fe4-3241-4763-a22a-f8d8ffff5245
2,d2527b76-7bc1-4fcd-aa26-7751aaf885b6
5,dd4113ba-6cf9-4296-b65d-c5e3e4f61d82
1,1d34e83d-ed6e-4667-94e6-1cfaab281246
4,bc13f72e-3593-4432-96ee-24775e922076
5,793639d8-1010-4ffb-8128-b58dc01f9969
1,e0e1d089-7bfa-4010-9b45-d4c4ec2f4968
1,967c6453-24bb-4517-b26b-fb3053fe3fe8
1,3aff890e-cee8-42d9-b6dd-0ec34e9754da
5,00673c7e-1b15-4141-9cd6-c4c0d8342435
3,5a4d3bbb-b1dd-4cab-900e-1fa4438d5e01
1,7f3fe993-28f6-4b92-aaaf-559146614b27
5,cad19848-af14-48ae-98d1-9a73b5e3d875
2,6fc43e8d-fb8a-4672-80ef-c01cbc67e0c3
5,9ffe6e9a-bd7b-4363-8994-465b1ce7f559
4,9c1cdb94-09f6-4b27-896c-baa0f05c987e
4,ed441a82-6494-4681-8f37-e13ce78e29b5
4,6bf385b6-adec-44b6-a79d-bd043f640b1b
1,2d56c660-cc44-4d6d-84d7-7ee3ce1273f7
5,bd74c82b-8de0-436c-87d8-4de468c53dc6
5,774fead8-8083-4e23-a036-7eade0ef7538
1,50fabff2-ffb4-49ad-9067-c5fea4b7b148
2,067c8962-a80a-4d20-b9ab-6b3e251c117f
4,8f59b31d-3a0b-4b3f-9d2e-b87f1d0de0e6
2,d671e319-a718-4441-a30a-98be5f11de58
2,162fb73a-62cf-4db5-8b8d-a1cd58d0f95f
1,cfd7d4ab-0a3b-4717-b0d4-316a78fc919e
2,2ed6acc2-a984-43a0-b9c3-3c096119e6ea
5,9079e025-aedf-4057-bbb3-cb3d75c3493e
5,13c723a8-f45e-48ef-b23d-abc167cea4a1
1,e4bca5d7-298e-435b-895f-0cc0d28e1047
1,a8183ac9-888d-484b-8855-a99f0fae9cd2
5,8c973d95-0a9e-4762-81a7-b4aa4746657c
2,09814124-0db1-4e86-a4ef-ba2a4fa2c3c9
5,2acf73e9-84cb-4f72-ad23-9a0f792b6cf6
2,55edb38a-264f-4547-ab86-ae47135835d6
5,5697a3c0-7107-4806-99d7-53bbbb74b970
2,7462651d-b851-42b3-bfbd-6996ad2ce4b5
2,7181418d-c400-4eab-8d0e-d7c37cb5cb55
4,8a9861b3-bf5e-4c24-a687-7e1c62b38562
4,e55caf56-f33f-4ce3-ba30-dca828c32552
5,b7c8c256-f3df-47db-84d5-22113f5df63b
5,8beecf1a-403b-42aa-881e-516f4c87cffd
3,eb66669e-a69f-4ee2-b2aa-3c6beffd9837
4,c23596f6-ffb8-4837-ac07-e5004a067a0c
3,fdcb31bc-f209-45c8-a950-54b08146e0e5
3,3576444a-898a-4713-8d17-db48a82ddd5a
5,ab8512d9-3f7c-402c-baa1-b16deb8b1790
5,4d3f976b-ebe4-4732-b29c-d34d0b431da1
3,a9ca6190-cda6-4099-8aab-4b8b72477aed
1,b0a26cc2-7e44-4a72-b6f7-213cb1aae167
1,a2f45491-7f54-4446-9272-14ccd53e111c
3,162e7c48-f7b3-4788-a8e0-0e80f2343fda
4,95409f39-4eb3-4624-a7f8-3ee6180e75e6
1,7879245e-1997-47b6-ae42-43fff465d95e
4,94c063f5-0c1c-45de-8165-cdd4bf351c01
5,745c0fb7-e8d7-4152-bda6-ee1301b033d5
2,b18885be-6f0e-459b-b2bd-7f1bd7a773a3
3,99a5c335-58a2-4d5b-a838-ef007fa3f167
2,3ff540ac-0a72-4eb3-ae76-f77a55ca3f04
2,2c07a7b2-e7ea-4e9a-ad9d-4460db734098
5,11e00df4-da8a-4dac-825f-870beb4729ad
1,40411aea-85bd-4d03-b36d-c721807a9583
4,129cdbc9-4316-4410-9a01-ae7b348cf929
2,c33e2de8-1550-44e7-9ebe-7b2474e5a8cf
4,b0ed146b-d5a5-4a97-a143-c1334e90b304
3,c25e032b-a5fa-44ed-b371-d0c7c85807b6
3,d6d36640-3b6c-45e6-a026-f67abd26bfbd
1,ed1c5b83-69ed-4d11-8aab-10950406ff62
3,29a6a549-4590-4711-8608-495208c9b6e7
1,2d5f3215-d102-4fc6-ad95-e34e7bfac9f5
2,8ad11c25-84e0-411b-927b-7af178382d79
3,f5df62f2-82e1-4ad2-9ac6-59a5991f2bbd
4,da7301e6-d417-4206-9387-79a7e0c329b0
1,f64e623d-410d-4151-92b4-8f2f1d745093
2,5f83be3d-7190-4053-8b8e-4d58e15d99f3
2,14f28625-f6ff-492f-ba57-5e6e08fe7bbf
3,83dd8423-2713-4146-849a-a4afdcf305ea
3,ac46948a-06fd-4497-addd-9c0afe95942d
5,5da6a77e-a431-42eb-9e37-ce57afeeee9a
2,0d2dbaa8-788a-4850-a427-32e406c43693
1,034beb74-2fc4-47fa-bd15-ae4850c5a4e9
2,cc89f164-1549-49bb-945a-ef9391edd7d3
5,3e0ea34b-40fe-45eb-b442-d59aaa85d3e1
4,1545cff1-a9c0-4f09-8128-4fbbbdb8cf45
5,2b1a4095-3ec0-478e-88f0-e3868756950b
2,264a6dcc-1ac8-4f81-adb3-78d8ab5c6fd7
1,1a30eee1-b646-4677-887b-a5df80a3c3a8
3,e02c1dc8-93b9-4493-b8de-f4922e4f41e7
4,0eac7b7b-d41c-4a8e-af7f-07464db0d0ff
1,bfa7bd6c-a88d-48d9-898a-facb9baa44df
5,e9d3b4b9-4bd5-43e2-af53-4d0edb4eea80
4,cf3defc7-7031-430b-a0a8-a0298a40adcb
1,a7659a1c-5f97-43bf-986a-fcebdd8ffea3
1,0c01f5c1-e95b-4c40-9434-8b54edaff8c3
1,30a95d66-b994-44f3-ab8e-814247f9c067
3,c29cfc35-8284-416d-bcf6-0ec9873cf24f
4,4d90ddf6-8ed4-469e-a42e-92b457b76098
5,29cb529a-ad39-4d0b-9c65-09185f8bcedf
5,52345eff-d0e6-44be-83d1-9d53c4a29b32
4,47811f75-1d28-4777-acbe-7cff987ad7d6
4,19e01f3a-8acd-4823-af41-b5383f7153cf
2,1d70f22f-a8af-4693-825d-0ad24734de6c
5,d738bcea-69e1-4e4a-ad76-a5d1b4366cb8
2,b868698f-82ed-4333-8206-e4960a1f1079
1,b1f000b7-247b-4207-85ec-8e9dc5f20643
4,4db44129-6de8-48a6-8db8-366a9016ac78
3,76560dd5-4ec2-42f0-8d7f-e058b4b43ef3
4,386e5b98-bbea-4957-a748-06df50b5bacc
5,c3cab4e4-b309-4bc5-ba81-26dcc1e2f9f0
2,948d36e5-2ea3-49b4-9484-92d96d9b1aff
5,3d69c9a6-28a8-4d05-aa5e-9a643ecd0e90
2,e5b58565-3938-4485-81c6-c5dcbb3abdde
3,1e5e9440-bd87-43f5-80f3-34646c68eb4d
4,9681c1f4-404a-4b03-98a4-cc0daff355cb
5,70c9c549-7f37-4796-b15f-68fdc8fb62bc
2,42dda240-7ed2-457a-a0ed-b3a92e32c460
5,61dfed5a-6102-42b5-ba82-175a92fb9bbb
2,07d330db-44d1-4217-b655-5b853bc7a9db
3,5c450d61-8714-495a-b1c4-5af10b35f61d
4,f7e53ea5-e9e5-44a0-8adc-306529aca350
1,a3b1ef2d-2f37-408c-a5e5-6eb512c25d24
2,714fdb44-4979-446e-bc6f-f90c76904126
1,c71899d9-dbbd-41fa-9540-4b954efb210f
3,5da76da8-93d8-419a-b66b-4e78e3335073
2,9918995b-4082-4485-9b1e-290c4dffb267
2,33de5128-5bed-4719-bf29-72d6792641b5
3,9342548f-400e-4780-a52d-e47ed3eb9a1d
2,6e2f5c06-e218-4bec-87c8-12ac76921858
1,49ada314-6d6d-45ad-84ae-2c4a5c81fb6f
2,251ed530-f8c7-4981-8fdf-2a2f121b1760
4,0c5028ad-5371-4f67-9ea4-744b38b77de8
2,d87a519a-542f-4e6d-9831-9f501867fe53
3,ab4d98f9-cacb-41aa-879d-bf0e602d27c0
1,3ab5292b-29dd-48d2-bd36-ceeab96a969d
5,c49a3135-c891-4a56-b365-63144ce71fac
1,849335ca-d0a3-4012-b5b6-54322ecd94ba
2,d90c8013-d6de-4104-9a9c-07b7563f9a13
5,34ee9ebc-d9aa-4a6f-a28a-24d55592bf28
3,11f50eb9-e758-4e77-a122-b08c1a3365ed
4,cf33e03d-ffb2-4185-8a61-06a8a70050d0
5,a96b2153-ce07-4180-b9a1-e59a9ee5016f
2,b3a9e6df-7d0c-4881-8cc8-06d2f886db49
4,de4268f8-64ec-4b3c-ba84-fd0caa820324
1,316528c4-d77b-47d1-a645-824cf82ca5ac
2,5ceef1ba-1c28-4ac6-8bb8-554577f50ed1
3,0eb34dc3-7d7b-4e3b-a99b-0ec8a865bf17
5,80a3bba1-9727-4b68-9ec6-dd89f8d708c7
4,e119f1db-a45b-4acd-81a3-6c54dbf0dc84
1,739539ba-4401-4dcd-b96c-1eb5ee87693a
2,9fb1c17f-11c3-4a87-976e-276bee34417d
3,50005d20-71b5-459a-97f2-069982ecbc22
4,8d00b6c6-d2dc-446d-95f8-72668d29d4e6
1,cf6e73ab-2383-42b4-834c-d971932e0334
2,a59f5c3e-ec16-4cc3-883b-42ed0aaf9f1a
1,479d1cdc-b723-49f2-95de-664bc4708182
3,69398bc9-7495-4f22-a231-b0c8c1b80630
4,1a7ea45d-2753-444a-952e-7b1b930c70e6
4,80ae3968-e8df-43df-aef8-9d964d339aea
5,ce120d1b-b522-47b5-8571-052a06e4d2d6
3,f3751046-ca54-4b45-aa35-e031fbec2f8b
3,4374efb9-dd79-473c-ad3a-d7f0ecb1ab24
3,77743bdf-186c-4e00-9f8a-c5eeae094f2c
4,1f40d3d9-7230-47d7-990f-822cab752e14
4,71ee17b9-564b-4ef4-8260-42cdc6d78ae8
2,ad76a7b7-c610-4668-8724-c9b9d5e7d5f7
3,5999fffa-18ce-4f64-a0b7-a4e063e14304
5,76914a0d-bdef-4ef1-8570-4041ed995560
5,668591f2-f213-497d-ab52-0107491df5fa
3,7e07ada0-8ee9-46ee-939b-b587fa28fbf5
5,659650bc-a3d1-44c7-99b0-afc0cabb1689
5,a42b475c-6af4-4c23-b0f7-0a95c50dae11
3,906ffe9f-6b89-4681-b934-79d476d02f58
3,8f4d9695-7c15-4205-bbfb-8ad30ba5d600
1,10de4eaa-92ef-456c-a17d-38023cf4c4a6
5,54c15178-a7c7-4fc7-8ea0-af6d895da4a1
3,bf5823b5-6abf-4862-b70b-e5989f3671aa
2,ea1f3260-bd9d-4bcf-8b4e-58f81c5402ff
2,1355ad28-b589-4498-90b1-d39a2db7e85c
1,1061fee8-9eca-46be-8dbe-a74cbd83607e
1,af4acda2-6741-40a0-8d07-209cc4c8f43a
3,7bdfeed8-c236-4314-8a86-c3ea33a4a676
2,d560afd6-1f1f-43c8-a02e-f4d4e5a96371
4,d83b2f84-7b89-4b4d-a414-d6f19df6dd6c
4,2f335583-dd67-4a7d-841c-28b893e65af2
5,c5a7b5b1-9334-47ef-8058-50a356d59c3f
2,3ec55b89-38ae-44d1-a500-f03c2c4c56c1
4,e137dbb6-3e95-4e85-b46e-5a378ce2afd2
5,2fdfc4f4-831f-4969-aded-f522145628ad
4,42aa02d2-9e74-44cc-b9db-a8cdc203f303
1,c97a09a6-62ab-482f-964c-bee12ff91b53
4,5cbe87e3-270c-47e8-9a28-366b70a5b1e8
1,87cf595c-9af2-4624-a7c6-89eccc82a51b
4,44e4ce1b-709f-4795-b52a-86acba8714eb
3,c71a97f1-2897-4604-a060-8c6a81b38743
3,a32941c8-8088-4cc6-84e8-482b1b81d344
4,ac43baf6-ea9d-41c6-bc32-c3ae47dab4df
3,93c9cc55-b0f7-4f25-93bb-554dd9ae0db9
1,eee0ed13-f3ef-40be-84b8-8fdd375d0654
3,601b79be-aefc-47ca-ab2d-5d4b8ace3709
1,a764dc03-22e2-4e02-87e8-92608387e505
2,70b768c9-b9fb-4043-a95b-548335ba5583
3,844eaf42-dddf-48a0-8d8e-3c9d5d55a2b7
5,151d8c36-8d55-43ac-aa92-25a7c0564130
3,5aead95e-5d8b-41dc-8d12-a3e035dc01c9
1,0aa34d20-5f46-42e3-b156-c5b41d35b38f
1,eda85d8d-c2bf-4c52-9722-ecfaa2f876e1
1,8c38b6fe-9241-4c04-a73b-0c4e5dc85f70
2,8ccdf476-483c-48c1-8c14-5527de7cad3f
2,d85b075c-49cd-4414-90c6-6d546a6a0f4a
2,caf9ce44-691d-45a9-bfee-8aaa09ad1ab2
4,e6c3da60-1d88-4368-ae32-f3268631cc0a
3,4bef619c-5bdd-4817-bcf3-c29427459058
3,d33c68e5-506d-4e89-8ce5-fdf7e269e6b2
2,96e37257-d195-4483-ba8c-b2196273a41b
5,51f0a479-5ca6-4943-9c5a-35f88f0e05e2
2,7ffb4ba5-95fc-4cff-9a75-2f0d45400ab0
4,7f4e9335-dc7f-4b2f-8091-b7031881c7b6
3,32a1d85a-4732-47ad-80ce-f6cdab00f127
2,2f8afd72-5412-46a4-bc6c-9d1882be9e1e
1,c521de39-b381-488e-a5cb-5b73cd501052
2,9663f379-b8ff-4cc6-a32f-8873cfbf2a76
5,bfbf004e-c4d3-40a4-92e6-45dfd73297b9
5,a669e9b8-36a6-488a-a449-9665d850694d
4,40c6c1b0-696a-4e79-a4a9-add0feb7ed9b
5,9885dcba-1a1b-4f16-b0ff-8f5429775b98
3,01d0d8ed-7ed0-4c10-8d5e-429f5fd31432
1,23c401da-b0d4-49bf-986b-77328d89e4ae
5,f93b1bc7-f4b0-437c-84f7-d6d5a713eace
4,77831429-71cb-4789-85b4-4de420ac0d2d
2,7764f384-c262-4b9e-b901-c70c0d08ed09
3,6f32cb51-a168-4b64-9d8f-3ff2abfecf4d
5,d0b2fd9a-aef5-41b4-b39d-93eef1b9c14a
3,096e29eb-5120-448b-85e9-06289f378868
1,ba665f05-0247-4c36-a545-b788baf16e11
2,7419b240-2e10-4b19-96f2-a8d213f29966
5,29a25625-61fa-470e-b881-495361273b19
1,a192c826-bcb5-4d60-935b-2c0a33deb563
2,03c9667e-9228-4b38-8cb0-863c82edec49
4,5aab65ee-6920-4e14-ae31-d4756727fa8f
4,ff19af95-2421-4fad-9974-011051284bde
2,5c296a2a-615f-4876-823b-e70d280f1311
4,6e1d680c-7ae5-4048-a813-73faf10a6ec4
4,ddc94439-bf34-496e-82e9-02ca10b18e35
5,6a1c696e-5926-4cf7-9307-5d804457d50b
5,71713cc4-92ae-4760-87e0-1eb6a0c2b2c8
5,922e33c7-2aaa-48a9-b58e-5cfe7d27e40c
1,f913e056-dfed-4e9a-a46c-7fb191395667
1,5a69149d-901b-4f26-a6e5-7252b8252d20
4,31b54460-f07f-4555-93cc-7362004ddfe7
1,a72dc64e-3a12-4694-9559-9c7b58af8912
1,bc94b43f-05b2-4767-b75e-810e55addd5e
2,9b2a1b64-e80a-4c87-a7fc-21cb4f057268
5,73d65e99-8db4-43f6-941c-dc5c2184e50b
2,cef35e11-c20c-4a41-9366-890c006c4c57
4,4aa2e42f-12fe-413d-a11c-44489f396dd5
2,d781ef23-44fe-4896-aaa5-1069b368c580
3,c56eac9a-bb01-432a-9619-f5a139f9b0fd
5,f428384f-c8ae-4234-8080-ae15be670031
5,18a91d4d-cf15-41ed-b1f3-609e0754dbec
1,696a99a4-8853-4d11-a010-437924ac6022
3,30f12505-50fa-4107-a0c1-ce618469e7b0
1,fae5f10e-8876-43ec-bfb0-257762d7b808
2,61375dc6-8b3d-4245-9377-e33be60557de
5,6179c47a-f3a0-431a-9ab4-226d9e06a9bd
1,6dd381c7-4886-4f0a-af30-8197f239b9a0
2,e6a93e11-ddbc-4038-a494-de29328805f8
5,0ed339ca-c6d7-41d1-bae6-2d982f7e496d
1,3aa590c5-949d-4459-ab39-13f0e87f12a0
2,3b5178ac-b718-4698-bd33-2541b4b356e8
1,71438ff7-2188-4b36-b8b3-c58a1ec92c2e
2,326f798f-cf8d-4b62-a352-3ddb06bd720d
1,b0f28cda-2b42-47ae-b963-4d560115d5e6
4,a654acca-f53c-4496-95e9-5829ab10c496
3,d20e8493-09e1-4df1-9ad4-1ace26d446bf
1,fd222f1f-3168-4bb1-ae7e-7816da029f54
4,f986078d-dd81-413d-94fc-ecb6908c8fae
1,18c162d9-3021-4da4-9ac8-5e9139544bc0
3,2d9b34fb-15b8-4ff0-999c-f7a845d21706
1,e75a3f36-869a-4402-b6f1-aeef16555d53
3,7b0ccd1e-20f7-4941-8323-83a0b96c5da0
3,353c2e56-8d77-404c-97e3-2b369be493f4
4,0fa0e84e-39cc-43f8-bfe2-fa53b9bcc509
1,f1759cc4-794d-4c46-b628-cbcfa0fc8500
5,85540ec7-e88a-4b93-84cf-2e75aca169c6
1,8f0a7dbd-577f-4180-a3d6-a5b5f8440e7c
1,9d490873-1709-4dc7-90a9-334ea001314c
1,228b537c-79fb-4963-8687-d202f0139ec6
5,b11fedee-7871-448a-ba37-c67ac9829b7c
5,37caf4c0-6908-4faa-aad7-c892df01495c
1,37b44836-73da-4432-af09-c8ce309957a8
2,eddf8368-1db5-4c41-ab1a-ed63e2279436
4,6b3e777c-7aea-4701-b53f-f744d00b9780
3,72328d18-eae3-4789-b98b-b980621a8c36
4,66fea6f0-4b93-4055-88e0-3dd7556092dd
2,58672c18-dbb7-42bb-8506-f7cf5a9c3046
2,6621592c-6542-44f5-b0c4-f9417d15ea87
4,6e77080c-502b-454e-86fa-3c1ef60fdb64
1,cf2f84ec-ce65-44cb-aa39-3f8f613d7306
1,67c38377-c312-4151-96f1-ef2f3e65bee3
2,09eaa032-7c1e-4c25-be7a-c811418d7d1b
1,e2493189-056e-42a4-bdc8-a80a685b3a01
5,8a49c994-961b-4240-9e73-8d8c5ea0ce73
1,aa602d8d-a514-496c-8092-c659a720b3a6
5,0036e0c9-146c-4c3c-8f1c-98e7781b3df9
5,b8a36483-29d4-47a1-bf1e-35b7658a38e9
2,1e796daf-3065-4794-ac1e-ee7b8c67dd37
5,92aa3bf9-f788-4757-b7bf-6cbf1a4e60f0
2,88d9232a-804b-4f33-a3ef-4e5529e753e2
1,40053e93-00a7-42bf-8290-9fd526198789
2,e59d7163-8f75-4c39-b994-09ebbcecaa80
4,b5b46386-eff1-4902-92f5-be5194f3944e
3,c4ae0ca8-6953-4210-8d65-0bf3870670a4
1,8e2fecfa-4717-4b74-abed-bdae3edf7a96
1,463d4dc6-5474-4b38-8996-27f44f666e87
5,7b46be49-5c68-40f4-9d91-573fee611aab
3,3f635bc7-d9b4-4297-aaf9-3a2192710964
2,8206c640-fbc9-46f0-9df7-1e84e54df6ab
3,8a853f92-7f8b-4f9a-aff6-9fdff102ef84
3,1086c6db-1746-41f5-8d6d-8741085388d0
1,8043040a-9efc-44f7-ba41-1457270370fe
5,a1ebdb33-7d87-4179-b28b-60000442fdfd
1,64e416de-fade-4638-b4e8-5f5a91b2739d
4,80d05f2f-668b-4fbd-b946-5f77c8321cb3
5,dba95206-e594-46b4-8da3-f5f7f63df8a7
3,1bc429d7-0250-41c9-b4f6-4c9119928238
5,1bbd8cfc-c38c-4ab1-b89e-6cecf1d412f0
4,ff7f18e5-12ab-4312-a8a6-3f193d9f3d27
3,c19d2bae-d374-4a78-9175-edb0e16af779
5,172b4c2f-647a-45ff-a163-e8b83a73c0f2
4,3d822d1c-26c5-4267-8e60-9a5970a042c1
5,2a0c4145-ae5b-4802-831a-87bb564d504f
1,5114ad68-ed8c-44c5-9906-9b0a5b1b98c4
4,b6e20a66-f032-4872-9f58-b24475e115a9
5,a67ea228-3edb-4e8b-848c-64471915c5ab
3,f8ef31d9-cbb6-49b4-9fa9-7862c818edf9
4,2d10efdb-f61b-4d04-9c1c-07b6e97d7cdd
1,f63974cd-7002-4509-9cfa-24580fcd267b
2,f7ce8874-f304-4fa9-853f-64890d034abb
4,d1ce6c3f-e4bd-47e9-b408-6232bdedb02d
5,1cf1e209-26d6-41ac-8119-230a1594a3e9
2,00dc86dd-7d97-41f8-b5e0-1622728838a8
1,3906d770-5a41-4198-bd6d-ffdee1b4a39c
3,223efadf-13a6-4079-9c00-79120a4fa2d8
1,4ef5af43-ef7e-423f-856d-eaddd083989f
5,5408bd93-e6db-465c-ae47-70641436d146
2,8f921727-1d62-43bf-a804-ea4b12e2aa0a
2,e3252e06-f85e-4b00-a5ec-a8dff60e00c3
4,15e32ea9-9fa7-4f08-8215-478d36bdbb2a
2,14c08df8-4335-4938-bb1b-e502bb0bfd5e
1,a084db96-c9d6-4de4-882c-15a6b6d84b92
3,594caee6-7784-400d-9ee5-6131ae1e74ac
3,2b56146b-6583-4ae8-a8c0-902d69593f36
4,cadba48d-4c89-4800-bdc3-2931f901203e
4,f2017f1c-59e1-4db8-866e-dbab8822b25e
5,956a0d53-d181-4c40-80e4-456caa0e1b00
4,8f53c7b3-935c-429d-a3de-6869dd72d66b
5,0e08ebca-9d5e-4d47-94ff-2e573db35b99
3,9b6f31f3-d01a-4679-b685-8827bc555744
2,3eb87741-4d4e-44a2-8ae7-d6ac9e81c799
5,ff7fffe6-228c-4262-801c-2c7be386f551
1,e5aeff32-edde-4cd4-ac85-153677de3fbf
4,5fca1991-984c-493f-9266-5b95232f6710
4,c1ea04e9-258a-4b08-b55d-e393bab1b7a2
2,4b52e1a3-7f1f-4ee4-a269-d4eee2a00fb3
3,16cb3f95-5f35-4ad2-bfb8-079e04a7ca91
4,08346bfe-aa4f-40bf-b97d-7bd6d36c2008
4,08c5901b-f3da-42a5-9782-35b0a5e98ffa
3,e2bde6fd-b75c-4680-8104-177b4cf52c3c
3,b091ec65-38d1-4fe3-ba3f-00c5048e9a7a
1,71490e4a-f0ac-4f9a-882c-23ed210308a4
2,20e3b7c9-ff29-4a39-9a9c-30e660d032e4
1,1f7d9ead-e88b-46dd-bb3d-9f1376a6bfd5
1,d9429c9c-c28a-4796-bba4-addb868759a3
5,219180bf-b91a-483b-b7dd-58469298b107
3,547a820e-0b6a-4c7a-ab8b-45040eec5690
5,9223bee5-6dc4-4d34-8dc5-51b063e1be41
1,4082047f-27f4-4995-b362-4923bc788bd2
1,dfbb83b3-b94e-4b1a-ab08-b035aa651480
4,284ca5d0-4a1f-428e-a7ec-cd5113bdcb6f
1,f7642701-1202-4eac-82c5-56f629c2fc17
3,a9765283-31de-4dea-95c4-60fd574773b5
4,69301774-6057-452a-9b8f-6af21136b97d
5,c4448149-2a99-4e25-930d-d467a8a6a3d1
4,5c30e884-56e5-4b62-8a08-02060b3f7716
3,ad9a824f-d6cd-4356-8437-3675d5d47a5b
3,f19823ca-518f-40c5-a40f-c1a010b760c2
4,e7e63e06-d23a-4fd2-b63b-7bbf0e893d81
5,8716c8c5-db1e-4f1c-b061-35699719160f
4,88a4100c-1065-4d8b-9724-f30c0ecd7050
1,f569a482-2f40-4fcc-a932-2d6108eb3104
4,6b1202b5-11ee-4999-8bf4-d35fdfd1189a
1,337e7094-7d87-443a-ab79-b9dc7e73e09f
1,d8fd9434-4c4e-4baf-9963-86dbeda2ecec
4,fe24a5cd-fc80-4b8e-a1d3-1297170ac1f7
1,f013b3de-98bb-4627-a7c8-785a167fec54
4,4df551cb-c151-4458-8c63-4eb11b6144bd
3,02087e1b-1df2-4a22-a8db-a0ba63972771
3,bf7109b6-888b-42c5-9d02-e1f485f870e7
4,8ed42f23-a530-40f4-95e4-d2efbc6c0041
1,07d70f70-2941-4be9-99c0-2db7723a42db
2,0e2d4f00-13fb-42ff-926d-38c4be3a2535
3,ccfc18b9-447b-4396-9cbc-1b1d2a08c2a7
2,b6a5f5c3-e279-42a7-9d7a-98e5694ac1ad
3,97e4f993-9b00-4204-9ca2-dc08f1bc08a5
5,9a0c67f1-7840-47a5-b02d-7f4db302fc97
2,b7230ce2-af66-4399-bfea-0d687ffb39b2
4,8b490296-42ab-4a99-89b9-d172458c0683
3,53f522c8-5142-47c1-a2f5-dc2644f1f2b0
2,819b848f-3dae-4365-a9fe-36a77d024e7b
4,5bdc6286-a31c-4619-8d8c-922de931155f
3,2df61eea-6958-4cd6-b425-9717590b059c
4,b0446a68-97e1-4e29-bd23-e43533f7a2bc
3,3787c5e9-c32b-4412-96c5-b03e5e95e8a7
1,fd27ece5-0b59-4ef5-8941-76bc7928c433
1,7afc3f6f-9252-407c-85ba-98f4d00aa1a2
3,584022d4-12b5-40e6-a550-cd0236609002
4,49a206f1-b452-4a98-8322-f01ce08d9f08
2,7ac71492-fd51-4104-bc99-3263cfaf2a69
5,2f37cd89-10bc-429d-a28f-0bc4934def6c
3,b51c15e6-8272-41ac-ab61-302563913f25
5,e74c9da1-ebb1-4f54-8709-fabe84c9ef8b
2,5216c5d2-7d2a-4520-a40f-2bb3b4a8f5f6
1,00ea154f-457b-43b6-8e21-73cbd48cf407
3,53552bba-b2bc-405c-bfd9-aa4175fab873
2,3c34f25e-1a61-437f-9c5b-ee813855903a
1,600d6dea-c050-4436-a78e-e54392f3f3eb
3,49384fc7-291c-4aa1-8bd4-5c89db5abfc2
3,e3857286-228c-462e-8ce5-3cbd0ead2ff4
4,959f96e1-b711-4fdd-ba01-6e672c48e9d8
5,19a1f850-f5e3-4e64-a749-62617046c19d
1,4ef70666-c9b0-40da-beb1-61db5e7903ff
3,2b35960a-109a-4db7-a6c4-10c528469284
4,de3b7d52-5c48-4ca0-a8f8-367b815c79c7
2,36f94c0c-be0b-40a8-a1ba-66f93b5a3db8
5,29bf8b39-058e-4a6b-9fc5-1de78d189f23
4,38613c2a-6976-4903-b471-b25f724576cb
1,3c788dcc-eb77-494b-80dd-4da1d56d383d
1,0f649e67-48f0-4159-ae5c-ff58b0f7b9ce
5,cd13e7b5-db15-4421-bfa7-8ac51f3b204f
3,5c845550-1d36-405b-a753-2b5cecc1767a
2,fed85c2b-6b22-49c0-ab7f-a52f6520df11
5,9faa494d-11c1-4ebf-9d04-626816c32788
5,b312c3ab-6dc3-4a2c-9aee-1f717c708a6c
3,373ce709-ecb1-4002-a468-8f1520b1665e
1,124b4b68-05be-403c-bdf2-fa1841d96582
1,1c1922b1-050b-475d-a604-f9d6c4dca36c
2,8a2e58db-8317-4563-b177-0e06786a8800
4,0a12f34b-d2b8-4895-8dc7-497d9ae3a354
5,a433b3fe-4447-4cf5-8252-5c947c14ca06
2,43a5f42d-9380-474d-8fe3-94f2cce6e93a
3,6d571b65-ec20-472d-9c12-eaea0c7d656c
2,aa910c37-c34c-41b2-88fa-b02ab4433ae5
1,81ede85d-35fe-4e0a-8f73-995f04038845
3,34df575c-f906-4051-8141-cb5093bcfea1
2,8ee4132e-bc5a-4e70-ba5a-7df3303ffc17
1,780fcb31-2c71-4c3c-af91-bef74f60b814
3,9e1f8b92-4fe7-4ff2-a017-adf02fb9b966
1,da013e40-711b-4a08-bfb5-354c25b91cb1
1,66872746-bded-4543-a300-e6577ec384f8
1,82ba5932-3806-48b1-945c-54d6802ce987
4,722c62eb-d6ca-4c36-9ed1-746413b0c028
3,5c1e4784-474f-4123-81f9-aa7334bd3c1d
5,cf5d5f02-a45b-4b1b-a9f2-bc247afedc87
1,e4ff1b7c-19ce-4684-9f73-a7963f77dafc
3,d5ad54be-dd5f-40f5-89b4-157405fdf1d3
3,a5a0d206-c873-4cec-866a-820bb5c5c72f
4,d346d117-1d31-44aa-ae12-d5ee1142680b
3,7b4b92aa-4868-4780-9911-422107f78027
4,93aec3f1-cd19-400a-a0db-879a0bcef1d5
2,983679e8-789c-4f54-93a6-2061de4439b7
2,c0c77d94-89ee-4fd8-bbac-08144817b3ed
3,44f68e80-fa38-4c7d-a3b7-30d4624fd86b
2,c241e948-8a6d-4a3f-b5ba-352ac3123d4b
2,c15f26d6-cd2a-4eaa-8ed6-7e008ce190e8
5,1fd04aac-39b3-4a86-9a89-84719c8d0d39
1,017e649c-8544-4e4c-9cfb-0bfeaee0d804
1,264acabf-3c75-4e8d-bb89-55f0c8fcbb2d
4,9867719e-51ce-4904-8c07-8a6cafe49364
1,a29dde2f-0ebc-43cc-a0fa-ad5ac833ff8e
2,890cfe34-b43d-422f-b46c-b6600301ddad
4,149a3e01-a831-4325-b5d9-a4e8b132d7a0
4,ad35a347-fb9f-4bf5-a76d-94b362f99f29
4,98946ff6-e0f9-4c16-934f-3c40db145b5f
5,c3edd26e-923b-41cd-ab43-3dd9aeb3a275
1,d9202c77-fe33-46c3-abf3-c2cc8dfc10a3
2,575009c2-76fb-4da3-bff1-4bccee1d846b
5,092c27de-9a48-47c0-aa33-55ac4f312939
3,a264fa1c-b4cf-4563-a685-379e8a746298
5,818d8416-fe93-44db-ae15-c1e159bf70bd
5,6bde6b28-5367-4561-8365-b38ddde35882
3,95631722-b7b3-435b-8982-5519bcf3011c
2,3de8aff5-61d5-4a4c-ba28-d27ce0ba5086
5,4387849f-889d-4db3-bf13-1e123c20a4a3
2,5faf4c36-1293-4e8d-b5dd-0c55e7bd0bcb
5,dba51bb2-16ff-4a12-b318-9afb01ee846a
1,ebe0a847-68a4-4ade-ab73-3567dae31115
4,e6eb83ec-d0bf-45ea-8f07-36a4b56f7237
1,0146813d-115d-48a7-a13d-d35f0d5f1a92
2,8eed3fc9-4004-4f68-91d7-c46eb59ed91d
2,cb1f8edc-8288-40b3-ad1a-9838fae62e4c
3,bc2d65d9-1922-4d5e-8fbc-b2654fcc60e8
1,2651774a-cfc3-41c5-8713-f55455f9df10
4,b330b061-2fbd-43bd-b762-950c06456925
5,cb2edb35-b1ad-4d87-9fc6-cfbcb2ee451e
4,e5470da9-c8f6-442d-b1df-acb582c7b2c1
2,40d205ab-3714-46e9-b1cc-4006211cb868
4,c0ed9cc0-22d2-4c15-af49-1a6ded543025
1,eac4b700-e44b-415d-8a30-69094c35d0f6
5,5b8427ce-95d9-4e8b-bf29-2e6ac80e45d9
3,c2519d27-81aa-40a2-9c22-01dc58f09ae5
2,51c2ef31-7cce-4506-b363-5ea43d545242
4,b3b2cd28-e09b-4234-bf3a-c33d68800e91
3,cf47771d-ac92-479f-bea1-6ab3ee5ef761
5,10b23957-fa54-47e7-a1f3-b6ff6292cf33
2,56d0becf-c25a-4f8a-a45b-07483428a88f
4,94d57614-b1c3-4043-aef5-71f9ec03b4ba
3,5c94a22b-11b9-4d92-a178-74b1e8e5defa
4,192c726d-7a14-4faa-828c-8bb2aa04b02f
4,8e9bc634-f922-474a-8a36-22308e9a8d5f
4,30c7d211-3ca2-4440-af12-bd05e2b3c845
2,53e5e329-0e13-455c-8ea5-32221b4d1b2a
5,37f5d89b-d705-477c-b430-bf417e9bc848
5,75ec0edf-775c-4aca-a103-33b2d46e7b04
5,ce6babb4-fdd8-43c1-a4ab-819e8f73685c
1,c92ba36f-7129-48b1-bede-1150bdfa81df
4,1ce80c22-081c-46d8-874b-09464e8f310b
2,bf0c5865-1f99-41f0-9bd2-aa606d7c88dd
4,e767f8a8-74b8-4f2e-91c7-5a57fa3aad3f
3,d989c638-96b9-44a6-9911-7d74339c8ca4
3,5596515d-ce62-42c2-b0fa-b02edefd31aa
2,820f82e8-9bc9-4284-937a-f13737f4069f
2,95e03bf2-28a7-4d21-92a1-cb49bc883e13
5,ecf52f96-a582-4b04-9f1e-d3364da2b448
3,ee2db1ef-d279-4999-a0e4-c8b2d91851b3
5,cfb49bbb-1ee6-4c43-bbd9-f6e29a015cbc
2,19ca2772-2395-492e-b14c-8a82dec5816f
2,922b36ef-d13b-473a-b896-a1f6f3060a27
3,f6e1f22b-2c18-410d-8542-3b1e4ba13235
2,a883be0c-8ed1-4d75-a55c-2a015bb61c84
3,2be93809-78e6-4af6-90b5-a5bce7a41f1a
5,57bddd8e-5dd1-498f-8edb-16cbe56886d4
5,73551779-4191-4939-b4b9-b363c6389100
1,e247d28d-1f77-490f-98b8-57ae655635aa
1,15b53939-ba37-40bd-9ed5-3e7fae094fc6
2,13aa7bc9-1cdd-4cd6-8959-e2bd19c27b72
4,fb8ffc42-3353-4fe0-9b64-4faf5ae805b0
5,34775964-7323-4907-a41e-74e3583e89c9
3,3f6cf680-49d3-4918-94d5-4a11497330ba
4,27c01006-1fd9-4c73-8220-86bf891ceae9
1,f091e219-5ec8-4316-bb20-79d25582c940
1,70b0b370-4925-42a8-9cbc-8fe081e9ba6b
4,e5116f3e-495b-4a04-919b-9e9677822d1b
5,210d5427-69ca-4f37-b423-268853447e99
5,7aebda08-bda8-42c2-94da-355120dc86f4
3,4b30c866-b0a2-4784-8008-c744dee7219b
2,cb49c159-5281-4604-8d80-63bf70379bb0
5,055e2cef-6fa7-4ef9-8721-5bb44ed70b56
4,19634acd-2c11-4c8f-8582-5182b3f963b9
3,956873bc-e64e-40b7-8366-7c80ae3105c2
4,9180f8fe-7625-45b7-beb1-90600eaa8492
1,6720c896-f8c8-4643-a3a3-a132a4ab8725
2,1274d2b3-c80d-4c5a-8fcb-3c182d295757
4,649692fd-405f-44a4-9601-72978c809d0a
1,9db040db-1417-4215-83ef-d87729ecba89
5,6b1a2c88-e59a-4357-97d4-32f3e2baa9c3
4,a72a08a8-b614-47d4-8dd6-822b08bd44ff
1,698018db-9f5a-4bec-9d78-c057d6d15231
1,c7709ee1-bcde-4026-a0fa-577f75c97cfa
3,a7505df4-a9f7-4cfd-8adf-b8172567b182
5,186d0dfa-e38e-40f3-8ab7-c351d8059b26
1,7e08af6c-f740-4b8e-ae55-df60ca427e22
5,ccf19b92-e50f-4368-b90a-bbf1564ecccc
5,fd6166a1-fc61-433a-9800-89dfc61dd08d
5,18fb799d-60b3-42e6-8355-6dce5b65f60c
5,5b8d5128-917c-4208-a94a-ef13b9c66f36
1,e91d5e37-a9bd-4de6-8bfa-a0f298567475
1,2637ca62-7bda-4992-b2c6-1306562417fb
3,213d877b-2e56-4332-83db-e34fb02c9846
5,8b146965-5711-4e0f-ab8f-aaca94642d50
1,aeece35b-bfe7-4ba2-b756-eb02f22a4287
2,3f0dbdad-747b-4331-ac2d-cd03f2f47926
1,3d1f5b9c-d3e0-4b39-ad55-dae188ac3998
2,c409a8c2-11fc-4e2a-bef1-375c9c7d4eab
2,a57912f8-93c5-46f6-bc25-2ab5caa65831
5,9c8c04cd-58f3-40d6-9f3d-3f4a012e73a3
2,7915c17e-92e1-448c-aa29-27aee12405b5
4,e2bfae2b-c94e-4b2f-9ef2-0ae687203caf
1,56526656-3ab8-45e4-af9b-41f3fd17df24
5,f429b8ca-8c28-4ff1-9d71-8a1c5136f82d
1,12d83d15-a35a-4051-98fa-5b63916505cc
1,3b49e6ad-96a8-4366-97ae-9e20830e4ad6
3,c21af9c7-60fe-491c-afd8-fd988315971d
4,772e18c7-8205-4749-a82b-5f7861f64054
2,2a5d7463-0bc4-46ba-93af-91c5dc1f32cb
4,1f96f1b9-db3a-448f-92be-1d0729f8b2f6
4,4cd0ac51-db45-4bc3-99e4-ed9edd48ad03
5,57226aeb-05fc-4bff-ab4d-ab997222cbdd
2,530df926-f00d-4ffd-b652-f698f1146135
1,be0fd5f4-a944-4752-9856-791165646682
3,a61c94b6-b5d9-4cd1-9d72-7b18cf2a430b
4,d1bc9eea-eef5-4559-bb04-56c85f091cb7
4,0085abd8-6643-4a3a-8674-74ab6e78bd4f
2,e0c8e351-90bc-4739-a65b-7779cf48c12d
4,e97a684e-ae3d-4c38-9b87-3943b8a232bf
1,ba26a155-77d0-40e3-9f2f-ec5420b053c0
4,25cc8a60-7864-468a-8ec4-9ba772882ca4
2,c13ca384-52de-401c-9368-ae5062fa7bfe
3,845dc621-c11b-42a3-907d-624b9ddaae74
5,5da5d628-37ed-41ac-a928-d219a2161d10
5,a1324b71-5ad7-4c96-a933-06c1506a5039
3,e71919e6-c8cf-471f-b465-cbcd5d5ae8e6
5,fa246e92-5a87-4c55-a1cc-52310028d7a7
1,23f8b9f7-72de-4bac-9d9e-5215aa57a362
1,e6a3d298-9c7e-4aaf-b35a-0e107e582391
4,5f79939a-ddb9-4a24-bfe7-c22a6d2854d2
2,2d857563-6b0f-470d-a560-f124eac988e6
5,9dd01d4d-f94d-4238-b968-00ba8941fcd3
2,ed22a122-2cac-48d1-bcea-e3d7b2f07f67
3,9cfc922a-71c1-431c-91e1-06c072e803a7
4,6458b9f7-8d4e-4b5d-b1ec-dcea808903ac
2,a5f666d3-2bd4-41a7-8bd8-b9cfe4967af3
3,3cf56637-37a7-4a61-9577-a469870a0283
5,cf9a202c-0b32-4186-9008-cfdae907c65a
3,622dc5ef-a4aa-4572-a11a-210442ca1e87
2,11d92e16-a965-463f-82ee-b5b740edb6d9
1,49bfb874-50cb-4d25-a3ab-b21e5d9873dc
2,48999e00-f973-40e0-b146-224f481acd88
3,daa90e3b-ff67-4034-8e29-cb34274f31b7
1,dc459633-59bf-4efb-96a9-2bae094909d3
5,95917459-3abe-4f77-aaf6-36837b778ca4
1,e46f9902-dadc-4b5c-ba5b-f7ddafcaef45
1,a68ebedd-7a0c-46fa-84f0-036cb344e344
1,0ded2b42-7102-460d-a1c7-5062007c4625
4,d9033502-7812-44fd-b500-484c7180c28f
4,fe9664e0-7b10-48d4-ad3e-98d57a565646
5,40d1354d-5f8f-4015-9779-bf454bfc179c
2,7a4cd6f6-6d18-40ad-b26c-7676c751467f
1,cc3e45ff-de8b-41a7-b041-c42d1146fd29
5,15703b2f-2713-41d7-9d28-fae032bc2b2d
4,8d0b3d02-5999-4e79-86cd-3252c7cd4897
5,183512d7-1dbd-485f-ad95-6a6332aab005
3,2aa8de5f-ae89-47d3-96dc-641589ef3108
3,c4ccb2f9-f491-4b62-a002-36701564fdc3
4,f8aa4786-70cd-40dc-bdbd-97a48988d9f5
2,cfbb3414-458c-42cf-a728-632efa859baf
5,aae8b039-b318-42b5-a28e-d7c8238a8520
5,31834cda-dbb3-4308-afcb-f3ed59b7a478
3,7c101466-5385-4f99-a8d3-fb509e622b0d
1,681a240b-0383-422c-a33c-63f6557acf74
1,adc88def-9689-4152-a15d-b24420eb3479
2,285d8c9c-70f9-452a-80bc-0f23f301924d
4,ed150d26-e04e-469b-8977-342f08960865
3,7a365ff1-00e7-46fd-abcd-900a77a61c6f
1,bc15b375-9234-49c8-9777-f3920e74af6c
5,25f5dbd1-a273-4b4e-925b-14a7337c5a0e
5,eb68016a-83cf-4261-8270-3cc479b9425a
2,f0950284-d619-4058-a949-17cc5c48988d
2,8e70f7c2-f2ee-4eb9-9c34-6b0482af8b56
3,4d9416ba-8a88-4576-ac70-ad38b25a9ca5
5,cd94409b-7069-4d8b-b71d-55ddd0bacb93
1,5f70ecf0-a595-482e-987b-9b59bec1695e
